gene	variant_qual	exonic_part	role	phenotype_id	slope	pval_nominal	tissue	tp	dpsi	n_het
ATP5MJ	chr14:103915164:T>C	chr14:103914478-103914633:-	inclusion	chr14:103913984:103914479:clu_20068:ENSG00000156411.9	1.4336	9.50296e-34	Brain_Cerebellum	1hr	0.103	2
B4GALNT1	chr12:57632029:G>C	chr12:57632540-57632581:-	skipping	chr12:57632133:57632772:clu_3903:ENSG00000135454.13	-0.50557	1.83146e-06	Brain_Cerebellum	1hr	-0.455	1
C9orf72	chr9:27567146:C>T	chr9:27573430-27573448:-	inclusion	chr9:27567164:27573431:clu_49262:ENSG00000147894.14	0.609229	1.21824e-06	Brain_Cerebellum	6hr	0.106	1
CDC34	chr19:541684:C>T	chr19:541216-541252:+	inclusion	chr19:541252:541339:clu_20199:ENSG00000099804.8	-0.470645	2.71694e-08	Brain_Cerebellum	6hr	-0.224	2
COPB1	chr11:14499807:C>A	chr11:14499608-14499666:-	skipping	chr11:14498985:14499742:clu_5893:ENSG00000129083.12	-0.520357	8.75856e-07	Brain_Cerebellum	0hr	-0.117	2
EIF6	chr20:35278949:G>C	chr20:35280697-35280829:-	skipping	chr20:35280118:35284176:clu_24560:ENSG00000242372.6	-0.809546	1.40162e-18	Brain_Cortex	1hr	0.148	2
GALNT8	chr12:4850820:C>T	chr12:4839296-4839361:+	skipping	chr12:4814783:4850738:clu_2537:ENSG00000130035.6	-1.21237	9.07514e-34	Brain_Cortex	1hr	0.371	1
GFM1	chr3:158644651:T>C	chr3:158650004-158650061:+	inclusion	chr3:158649157:158650005:clu_37533:ENSG00000168827.14	-0.957132	6.65795e-18	Brain_Cerebellar_Hemisphere	1hr	-0.107	2
GGCT	chr7:30504743:G>A	chr7:30500535-30500680:-	skipping	chr7:30498938:30504569:clu_22598:ENSG00000006625.17	0.793787	5.51178e-15	Brain_Anterior_cingulate_cortex_BA24	1hr	-0.136	2
HLA-C	chr6:31268756:G>A	chr6:31269525-31269543:-	inclusion	chr6:31269543:31269966:clu_24373:ENSG00000204525.16	1.99072	1.63465e-46	Brain_Spinal_cord_cervical_c-1	6hr	0.116	1
HLA-C	chr6:31268789:T>C	chr6:31269965-31270085:-	inclusion	chr6:31270085:31270210:clu_30817:ENSG00000204525.16	-1.54402	2.08223e-67	Brain_Cerebellum	0hr	-0.143	1
HLA-C	chr6:31268944:C>T	chr6:31269965-31270085:-	inclusion	chr6:31270085:31270210:clu_30817:ENSG00000204525.16	-1.54714	1.60806e-65	Brain_Cerebellum	0hr	-0.147	1
HLA-C	chr6:31269030:C>G	chr6:31269525-31269543:-	inclusion	chr6:31269543:31269966:clu_24373:ENSG00000204525.16	2.0858	1.11858e-13	Brain_Spinal_cord_cervical_c-1	1hr	0.144	1
HLA-C	chr6:31269076:T>C	chr6:31269965-31270085:-	inclusion	chr6:31270085:31270210:clu_28707:ENSG00000204525.16	1.33159	4.85258e-16	Brain_Cortex	0hr	0.153	1
HNRNPK	chr9:83978398:G>C	chr9:83980118-83980152:-	inclusion	chr9:83978452:83980119:clu_49783:ENSG00000165119.20	-1.12147	4.97338e-29	Brain_Cerebellum	6hr	-0.115	3
HNRNPK	chr9:83980154:C>T	chr9:83980118-83980152:-	inclusion	chr9:83978452:83980119:clu_49783:ENSG00000165119.20	-1.2317	3.01246e-43	Brain_Cerebellum	6hr	-0.214	2
LAMTOR4	chr7:100149506:G>A	chr7:100148993-100149053:+	inclusion	chr7:100149053:100149499:clu_29243:ENSG00000188186.10	-0.872296	6.46579e-31	Brain_Cerebellum	0hr	-0.143	3
MAPT	chr17:45962324:A>G	chr17:45971858-45971945:+	inclusion	chr17:45971945:45974385:clu_11787:ENSG00000186868.15	0.697289	2.02308e-09	Brain_Cortex	6hr	-0.186	1
PARK7	chr1:7961717:T>C	chr1:7961747-7961793:+	inclusion	chr1:7961793:7962763:clu_41387:ENSG00000116288.12	-0.496545	9.65584e-08	Brain_Cortex	1hr	-0.173	2
RPAIN	chr17:5422824:C>G	chr17:5425970-5426082:+	skipping	chr17:5422829:5426236:clu_10844:ENSG00000129197.14	-0.512064	8.78397e-07	Brain_Cerebellum	1hr	-0.133	1
SEPTIN2	chr2:241315962:G>A	chr2:241317498-241317538:+	inclusion	chr2:241316540:241317499:clu_40918:ENSG00000168385.17	0.602891	7.80167e-12	Brain_Cortex	6hr	-0.104	4
SNHG5	chr6:85678169:G>T	chr6:85677794-85677868:-	skipping	chr6:85677492:85677954:clu_29454:ENSG00000203875.10	-1.14346	1.39353e-38	Brain_Nucleus_accumbens_basal_ganglia	1hr	0.175	1
SNHG5	chr6:85678169:G>T	chr6:85677794-85677868:-	inclusion	chr6:85677492:85677795:clu_25914:ENSG00000203875.10	1.11096	7.86428e-32	Brain_Putamen_basal_ganglia	1hr	0.175	1
SNHG5	chr6:85678504:C>T	chr6:85677794-85677868:-	skipping	chr6:85677492:85677954:clu_29454:ENSG00000203875.10	-1.12416	1.57663e-37	Brain_Nucleus_accumbens_basal_ganglia	6hr	0.206	2
SNHG5	chr6:85678504:C>T	chr6:85677794-85677868:-	inclusion	chr6:85677492:85677795:clu_25914:ENSG00000203875.10	1.03743	6.46441e-28	Brain_Putamen_basal_ganglia	6hr	0.206	2
SUPT5H	chr19:39445861:G>A	chr19:39445683-39445803:+	skipping	chr19:39445637:39445882:clu_21341:ENSG00000196235.13	0.997449	2.47017e-29	Brain_Cerebellar_Hemisphere	0hr	-0.225	3
TAMM41	chr3:11846516:C>G	chr3:11844907-11845096:-	skipping	chr3:11844211:11846502:clu_35384:ENSG00000144559.10	-1.26612	1.84938e-40	Brain_Cerebellar_Hemisphere	1hr	0.214	1
TXNDC15	chr5:134887902:A>G	chr5:134874483-134874530:+	inclusion	chr5:134874530:134893492:clu_27381:ENSG00000113621.14	1.37433	5.83257e-16	Brain_Anterior_cingulate_cortex_BA24	0hr	-0.176	1
UROS	chr10:125823186:C>T	chr10:125794021-125794388:-	inclusion	chr10:125794388:125794880:clu_10304:ENSG00000188690.12	0.638169	3.48029e-17	Brain_Cerebellum	6hr	0.115	2
YIF1A	chr11:66288985:G>A	chr11:66285483-66285536:-	skipping	chr11:66284966:66285701:clu_6571:ENSG00000174851.15	0.617109	1.84397e-08	Brain_Cortex	1hr	-0.156	1
