id	cutoff	obs_rows	sel_null_rows	val_null_rows	sel_null_rows_95	obs_genes	sel_null_genes	val_null_genes	sel_null_genes_95	sel_fdr_rows	val_fdr_rows	sel_fdr_genes	val_fdr_genes
1	|dPSI|>=0.10, het>=1, row p<=0.001	5	0.376	0.322	0-3	4	0.245	0.203	0-2	0.0752	0.0644	0.06125	0.05075
2	|dPSI|>=0.10, het>=1, row p<=0.003	10	1.171	0.968	0-6	6	0.698	0.596	0-3	0.1171	0.0968	0.116333333333333	0.0993333333333333
3	|dPSI|>=0.10, het>=1, row p<=0.01	13	3.653	3.514	0-11	8	2.123	2.004	0-5	0.281	0.270307692307692	0.265375	0.2505
4	|dPSI|>=0.10, het>=1, row p<=any	20	8.626	8.519	2-20	12	4.541	4.499	1-8	0.4313	0.42595	0.378416666666667	0.374916666666667
5	|dPSI|>=0.10, het>=2, row p<=0.001	4	0.178	0.153	0-2	3	0.114	0.093	0-1	0.0445	0.03825	0.038	0.031
6	|dPSI|>=0.10, het>=2, row p<=0.003	4	0.529	0.41	0-4	3	0.314	0.25	0-2	0.13225	0.1025	0.104666666666667	0.0833333333333333
7	|dPSI|>=0.10, het>=2, row p<=0.01	5	1.627	1.512	0-7	4	0.941	0.86	0-3	0.3254	0.3024	0.23525	0.215
8	|dPSI|>=0.10, het>=2, row p<=any	7	3.645	3.571	0-11	6	2.1	2.031	0-5	0.520714285714286	0.510142857142857	0.35	0.3385
9	|dPSI|>=0.15, het>=1, row p<=0.001	4	0.31	0.274	0-3	4	0.202	0.175	0-1	0.0775	0.0685	0.0505	0.04375
10	|dPSI|>=0.15, het>=1, row p<=0.003	7	0.971	0.793	0-5	5	0.583	0.491	0-2.02499999999998	0.138714285714286	0.113285714285714	0.1166	0.0982
11	|dPSI|>=0.15, het>=1, row p<=0.01	8	2.786	2.629	0-9	6	1.68	1.56	0-4	0.34825	0.328625	0.28	0.26
12	|dPSI|>=0.15, het>=1, row p<=any	14	5.2	5.043	0-14	11	2.966	2.872	0-6	0.371428571428571	0.360214285714286	0.269636363636364	0.261090909090909
13	|dPSI|>=0.15, het>=2, row p<=0.001	3	0.131	0.114	0-2	3	0.086	0.073	0-1	0.0436666666666667	0.038	0.0286666666666667	0.0243333333333333
14	|dPSI|>=0.15, het>=2, row p<=0.003	3	0.373	0.278	0-3	3	0.232	0.174	0-1	0.124333333333333	0.0926666666666667	0.0773333333333333	0.058
15	|dPSI|>=0.15, het>=2, row p<=0.01	3	0.976	0.829	0-5	3	0.597	0.51	0-2	0.325333333333333	0.276333333333333	0.199	0.17
16	|dPSI|>=0.15, het>=2, row p<=any	4	1.394	1.282	0-6	4	0.88	0.809	0-3	0.3485	0.3205	0.22	0.20225
17	|dPSI|>=0.20, het>=1, row p<=0.001	4	0.238	0.2	0-2	4	0.156	0.129	0-1	0.0595	0.05	0.039	0.03225
18	|dPSI|>=0.20, het>=1, row p<=0.003	7	0.729	0.606	0-5	5	0.45	0.39	0-2	0.104142857142857	0.0865714285714286	0.09	0.078
19	|dPSI|>=0.20, het>=1, row p<=0.01	8	2.035	1.934	0-7	6	1.241	1.169	0-4	0.254375	0.24175	0.206833333333333	0.194833333333333
20	|dPSI|>=0.20, het>=1, row p<=any	12	3.203	3.149	0-9.02499999999998	9	1.93	1.901	0-5	0.266916666666667	0.262416666666667	0.214444444444444	0.211222222222222
21	|dPSI|>=0.20, het>=2, row p<=0.001	3	0.078	0.061	0-1	3	0.05	0.04	0-1	0.026	0.0203333333333333	0.0166666666666667	0.0133333333333333
22	|dPSI|>=0.20, het>=2, row p<=0.003	3	0.217	0.149	0-2	3	0.134	0.101	0-1	0.0723333333333333	0.0496666666666667	0.0446666666666667	0.0336666666666667
23	|dPSI|>=0.20, het>=2, row p<=0.01	3	0.547	0.483	0-4	3	0.325	0.289	0-2	0.182333333333333	0.161	0.108333333333333	0.0963333333333333
24	|dPSI|>=0.20, het>=2, row p<=any	3	0.642	0.597	0-4	3	0.382	0.355	0-2	0.214	0.199	0.127333333333333	0.118333333333333
25	|dPSI|>=0.30, het>=1, row p<=0.001	3	0.151	0.133	0-2	3	0.093	0.081	0-1	0.0503333333333333	0.0443333333333333	0.031	0.027
26	|dPSI|>=0.30, het>=1, row p<=0.003	4	0.405	0.381	0-3	3	0.248	0.23	0-1	0.10125	0.09525	0.0826666666666667	0.0766666666666667
27	|dPSI|>=0.30, het>=1, row p<=0.01	4	0.897	0.861	0-5	3	0.571	0.553	0-2	0.22425	0.21525	0.190333333333333	0.184333333333333
28	|dPSI|>=0.30, het>=1, row p<=any	5	1.374	1.363	0-6	4	0.861	0.849	0-3	0.2748	0.2726	0.21525	0.21225
29	|dPSI|>=0.30, het>=2, row p<=0.001	2	0.032	0.034	0-0	2	0.017	0.02	0-0	0.016	0.017	0.0085	0.01
30	|dPSI|>=0.30, het>=2, row p<=0.003	2	0.08	0.068	0-1	2	0.046	0.042	0-1	0.04	0.034	0.023	0.021
31	|dPSI|>=0.30, het>=2, row p<=0.01	2	0.136	0.118	0-2	2	0.086	0.08	0-1	0.068	0.059	0.043	0.04
32	|dPSI|>=0.30, het>=2, row p<=any	2	0.146	0.125	0-2	2	0.095	0.085	0-1	0.073	0.0625	0.0475	0.0425
