level	target	cutoff	validation_meets_target	gene	Gene_name	variant_qual	exonic_part	n_het	het_cov	ami	dpsi	p_grid
rows	0.05	|dPSI|>=0.10, het>=2, row p<=0.001	TRUE	HNRNPK	ENSG00000165119_HNRNPK	chr9:83978398:G>C	chr9:83980118-83980152:-	3	1125	0.021	-0.115	0.000999000999000999
rows	0.05	|dPSI|>=0.10, het>=2, row p<=0.001	TRUE	HNRNPK	ENSG00000165119_HNRNPK	chr9:83980154:C>T	chr9:83980118-83980152:-	2	326	0.048	-0.214	0.000999000999000999
rows	0.05	|dPSI|>=0.10, het>=2, row p<=0.001	TRUE	XPA	ENSG00000136936_XPA	chr9:97697295:T>C	chr9:97682199-97682430:-	2	114	0.072	0.311	0.000999000999000999
rows	0.05	|dPSI|>=0.10, het>=2, row p<=0.001	TRUE	SMC2	ENSG00000136824_SMC2	chr9:104102182:G>A	chr9:104095298-104095323:+	2	80	0.053	-0.312	0.000999000999000999
rows	0.1	|dPSI|>=0.10, het>=1, row p<=0.001	TRUE	ZDHHC21	ENSG00000175893_ZDHHC21	chr9:14680111:A>G	chr9:14688246-14688307:-	1	108	0.057	0.356	0.000999000999000999
rows	0.1	|dPSI|>=0.10, het>=1, row p<=0.001	TRUE	HNRNPK	ENSG00000165119_HNRNPK	chr9:83978398:G>C	chr9:83980118-83980152:-	3	1125	0.021	-0.115	0.000999000999000999
rows	0.1	|dPSI|>=0.10, het>=1, row p<=0.001	TRUE	HNRNPK	ENSG00000165119_HNRNPK	chr9:83980154:C>T	chr9:83980118-83980152:-	2	326	0.048	-0.214	0.000999000999000999
rows	0.1	|dPSI|>=0.10, het>=1, row p<=0.001	TRUE	XPA	ENSG00000136936_XPA	chr9:97697295:T>C	chr9:97682199-97682430:-	2	114	0.072	0.311	0.000999000999000999
rows	0.1	|dPSI|>=0.10, het>=1, row p<=0.001	TRUE	SMC2	ENSG00000136824_SMC2	chr9:104102182:G>A	chr9:104095298-104095323:+	2	80	0.053	-0.312	0.000999000999000999
genes	0.05	|dPSI|>=0.20, het>=1, row p<=0.001	TRUE	ZDHHC21	ENSG00000175893_ZDHHC21	chr9:14680111:A>G	chr9:14688246-14688307:-	1	108	0.057	0.356	0.000999000999000999
genes	0.05	|dPSI|>=0.20, het>=1, row p<=0.001	TRUE	HNRNPK	ENSG00000165119_HNRNPK	chr9:83980154:C>T	chr9:83980118-83980152:-	2	326	0.048	-0.214	0.000999000999000999
genes	0.05	|dPSI|>=0.20, het>=1, row p<=0.001	TRUE	XPA	ENSG00000136936_XPA	chr9:97697295:T>C	chr9:97682199-97682430:-	2	114	0.072	0.311	0.000999000999000999
genes	0.05	|dPSI|>=0.20, het>=1, row p<=0.001	TRUE	SMC2	ENSG00000136824_SMC2	chr9:104102182:G>A	chr9:104095298-104095323:+	2	80	0.053	-0.312	0.000999000999000999
genes	0.1	|dPSI|>=0.20, het>=1, row p<=0.003	TRUE	ZDHHC21	ENSG00000175893_ZDHHC21	chr9:14680111:A>G	chr9:14683570-14683729:-	1	107	0.076	0.398	0.001998001998002
genes	0.1	|dPSI|>=0.20, het>=1, row p<=0.003	TRUE	ZDHHC21	ENSG00000175893_ZDHHC21	chr9:14680111:A>G	chr9:14688246-14688307:-	1	108	0.057	0.356	0.000999000999000999
genes	0.1	|dPSI|>=0.20, het>=1, row p<=0.003	TRUE	C9orf72	ENSG00000147894_C9orf72	chr9:27567146:C>T	chr9:27573481-27573494:-	1	75	0.097	0.2	0.001998001998002
genes	0.1	|dPSI|>=0.20, het>=1, row p<=0.003	TRUE	C9orf72	ENSG00000147894_C9orf72	chr9:27567146:C>T	chr9:27573494-27573506:-	1	57	0.129	0.269	0.001998001998002
genes	0.1	|dPSI|>=0.20, het>=1, row p<=0.003	TRUE	HNRNPK	ENSG00000165119_HNRNPK	chr9:83980154:C>T	chr9:83980118-83980152:-	2	326	0.048	-0.214	0.000999000999000999
genes	0.1	|dPSI|>=0.20, het>=1, row p<=0.003	TRUE	XPA	ENSG00000136936_XPA	chr9:97697295:T>C	chr9:97682199-97682430:-	2	114	0.072	0.311	0.000999000999000999
genes	0.1	|dPSI|>=0.20, het>=1, row p<=0.003	TRUE	SMC2	ENSG00000136824_SMC2	chr9:104102182:G>A	chr9:104095298-104095323:+	2	80	0.053	-0.312	0.000999000999000999
