timepoint	donor	intron_start	intron_end	reads	all_site_reads	usage
0hr	CD_21	27658586	27700163	7	21	0.3333333333333333
0hr	CD_21	27658586	27701296	8	21	0.38095238095238093
0hr	CD_21	27658586	27720345	0	21	0.0
0hr	CD_21	27658586	27721411	0	21	0.0
0hr	CD_31	27658586	27700163	1	10	0.1
0hr	CD_31	27658586	27701296	4	10	0.4
0hr	CD_31	27658586	27720345	2	10	0.2
0hr	CD_31	27658586	27721411	0	10	0.0
0hr	CD_36	27658586	27700163	3	15	0.2
0hr	CD_36	27658586	27701296	10	15	0.6666666666666666
0hr	CD_36	27658586	27720345	0	15	0.0
0hr	CD_36	27658586	27721411	0	15	0.0
0hr	CD_48	27658586	27700163	5	13	0.38461538461538464
0hr	CD_48	27658586	27701296	6	13	0.46153846153846156
0hr	CD_48	27658586	27720345	1	13	0.07692307692307693
0hr	CD_48	27658586	27721411	0	13	0.0
1hr	CD_21	27658586	27700163	3	43	0.06976744186046512
1hr	CD_21	27658586	27701296	27	43	0.627906976744186
1hr	CD_21	27658586	27720345	2	43	0.046511627906976744
1hr	CD_21	27658586	27721411	2	43	0.046511627906976744
1hr	CD_31	27658586	27700163	7	35	0.2
1hr	CD_31	27658586	27701296	19	35	0.5428571428571428
1hr	CD_31	27658586	27720345	1	35	0.02857142857142857
1hr	CD_31	27658586	27721411	5	35	0.14285714285714285
1hr	CD_36	27658586	27700163	10	32	0.3125
1hr	CD_36	27658586	27701296	16	32	0.5
1hr	CD_36	27658586	27720345	3	32	0.09375
1hr	CD_36	27658586	27721411	0	32	0.0
1hr	CD_48	27658586	27700163	8	36	0.2222222222222222
1hr	CD_48	27658586	27701296	19	36	0.5277777777777778
1hr	CD_48	27658586	27720345	2	36	0.05555555555555555
1hr	CD_48	27658586	27721411	4	36	0.1111111111111111
6hr	CD_21	27658586	27700163	34	251	0.13545816733067728
6hr	CD_21	27658586	27701296	106	251	0.42231075697211157
6hr	CD_21	27658586	27720345	7	251	0.027888446215139442
6hr	CD_21	27658586	27721411	92	251	0.3665338645418327
6hr	CD_31	27658586	27700163	28	264	0.10606060606060606
6hr	CD_31	27658586	27701296	95	264	0.35984848484848486
6hr	CD_31	27658586	27720345	15	264	0.056818181818181816
6hr	CD_31	27658586	27721411	118	264	0.44696969696969696
6hr	CD_36	27658586	27700163	15	129	0.11627906976744186
6hr	CD_36	27658586	27701296	59	129	0.4573643410852713
6hr	CD_36	27658586	27720345	9	129	0.06976744186046512
6hr	CD_36	27658586	27721411	45	129	0.3488372093023256
6hr	CD_48	27658586	27700163	33	173	0.1907514450867052
6hr	CD_48	27658586	27701296	67	173	0.3872832369942196
6hr	CD_48	27658586	27720345	3	173	0.017341040462427744
6hr	CD_48	27658586	27721411	62	173	0.3583815028901734
