gene	description	category	chrom	strand	gene_length	n_junctions	max_abs_dpsi	comparisons	events	n_neuro_go	n_go	neuro_terms
R3HDM2	R3H domain containing 2	other	chr12	-	177282	7	0.675	0hr->1hr,0hr->6hr,1hr->6hr	alt 5'ss (A5SS)	0	3	""
CREM	cAMP responsive element modulator	activity-regulated	chr10	+	86168	6	0.633	0hr->1hr,0hr->6hr,1hr->6hr	alt 3'ss (A3SS),alt 5'ss (A5SS)	0	20	""
CLDND1	claudin domain containing 1	other	chr3	-	25155	9	0.457	0hr->1hr,0hr->6hr,1hr->6hr	alt 3'ss (A3SS),alt 5'ss (A5SS)	0	4	""
ANKRD12	ankyrin repeat domain 12	other	chr18	+	149758	6	0.444	0hr->6hr,1hr->6hr	alt 3'ss (A3SS),alt 5'ss (A5SS)	0	2	""
HDAC9	histone deacetylase 9	activity-regulated	chr7	+	915477	4	0.424	0hr->1hr,0hr->6hr	alt 3'ss (A3SS)	0	36	""
ATF3	activating transcription factor 3	activity-regulated	chr1	+	55444	2	0.412	1hr->6hr	alt 5'ss (A5SS)	0	31	""
FNDC3A	fibronectin type III domain containing 3A	other	chr13	+	233891	10	0.399	0hr->1hr,0hr->6hr,1hr->6hr	alt 5'ss (A5SS)	0	14	""
TTLL7	tubulin tyrosine ligase like 7	neuronal (weak annotation)	chr1	-	134465	6	0.398	0hr->6hr,1hr->6hr	alt 3'ss (A3SS),alt 5'ss (A5SS)	1	15	dendrite
MIA2	MIA SH3 domain ER export factor 2	other	chr14	+	158283	4	0.382	0hr->6hr,1hr->6hr	alt 5'ss (A5SS)	0	9	""
YPEL5	yippee like 5	other	chr2	+	13593	7	0.381	0hr->1hr,0hr->6hr,1hr->6hr	alt 3'ss (A3SS),alt 5'ss (A5SS)	0	11	""
BDNF	brain derived neurotrophic factor	activity-regulated	chr11	-	67166	2	0.38	0hr->6hr,1hr->6hr	alt 5'ss (A5SS)	14	35	axon; axon guidance; dendrite; modulation of chemical synaptic transmission
JMJD1C	jumonji domain containing 1C	other	chr10	-	354686	12	0.375	0hr->1hr,0hr->6hr,1hr->6hr	alt 3'ss (A3SS),alt 5'ss (A5SS)	0	16	""
ZNF302	zinc finger protein 302	other	chr19	+	9050	4	0.362	0hr->6hr,1hr->6hr	alt 3'ss (A3SS)	0	6	""
R3HDM1	R3H domain containing 1	other	chr2	+	193816	4	0.36	0hr->1hr,0hr->6hr	alt 5'ss (A5SS)	0	1	""
HMGXB4	HMG-box containing 4	other	chr22	+	38356	9	0.344	0hr->1hr,0hr->6hr,1hr->6hr	alt 3'ss (A3SS),alt 5'ss (A5SS)	0	7	""
CTNND2	catenin delta 2	neuronal	chr5	-	932611	4	0.343	0hr->6hr,1hr->6hr	alt 5'ss (A5SS)	4	18	dendrite; dendritic spine morphogenesis; postsynaptic density; synapse organization
SGIP1	SH3GL interacting endocytic adaptor 1	other	chr1	+	217873	6	0.326	0hr->6hr,1hr->6hr	alt 3'ss (A3SS),alt 5'ss (A5SS)	0	16	""
SEC31A	SEC31 homolog A, COPII coat complex component	other	chr4	-	82658	6	0.324	0hr->6hr,1hr->6hr	alt 3'ss (A3SS),alt 5'ss (A5SS)	0	19	""
MRPS18C	mitochondrial ribosomal protein S18C	other	chr4	+	13804	6	0.322	0hr->6hr,1hr->6hr	alt 3'ss (A3SS),alt 5'ss (A5SS)	0	6	""
ZFAND1	zinc finger AN1-type containing 1	other	chr8	-	31570	4	0.322	0hr->6hr,1hr->6hr	alt 3'ss (A3SS),alt 5'ss (A5SS)	0	8	""
ORAI2	ORAI calcium release-activated calcium modulator 2	other	chr7	+	23720	3	0.321	0hr->6hr,1hr->6hr	alt 3'ss (A3SS)	0	7	""
ELF2	E74 like ETS transcription factor 2	other	chr4	-	149165	3	0.319	0hr->6hr,1hr->6hr	alt 5'ss (A5SS)	0	11	""
HIVEP2	HIVEP zinc finger 2	other	chr6	-	205230	2	0.315	1hr->6hr	alt 5'ss (A5SS)	0	7	""
PITPNB	phosphatidylinositol transfer protein beta	other	chr22	-	68466	3	0.31	1hr->6hr	alt 3'ss (A3SS),alt 5'ss (A5SS)	0	16	""
ZNF331	zinc finger protein 331	other	chr19	+	60743	4	0.309	1hr->6hr	alt 5'ss (A5SS)	0	6	""
AHI1	Abelson helper integration site 1	other	chr6	-	215028	7	0.306	0hr->6hr,1hr->6hr	alt 3'ss (A3SS),alt 5'ss (A5SS)	0	34	""
ZNF493	zinc finger protein 493	other	chr19	+	173867	6	0.305	0hr->6hr,1hr->6hr	alt 3'ss (A3SS),alt 5'ss (A5SS)	0	6	""
MTUS1	microtubule associated scaffold protein 1	other	chr8	-	157300	4	0.303	0hr->6hr,1hr->6hr	alt 3'ss (A3SS)	0	13	""
USP33	ubiquitin specific peptidase 33	neuronal (weak annotation)	chr1	-	63866	7	0.303	0hr->6hr,1hr->6hr	alt 3'ss (A3SS)	2	29	axon guidance; neuronal cell body
PCCA	propionyl-CoA carboxylase subunit alpha	other	chr13	+	441423	2	0.298	1hr->6hr	alt 5'ss (A5SS)	0	13	""
LDAF1	lipid droplet assembly factor 1	other	chr16	+	64178	4	0.293	0hr->1hr,0hr->6hr	alt 3'ss (A3SS)	0	5	""
JARID2	jumonji and AT-rich interaction domain containing 2	other	chr6	+	276596	2	0.291	0hr->6hr	alt 5'ss (A5SS)	0	26	""
PSIP1	PC4 and SFRS1 interacting protein 1	other	chr9	-	47070	1	0.29	0hr->6hr	alt 3'ss (A3SS)	0	14	""
NRP1	neuropilin 1	neuronal	chr10	-	158771	4	0.289	0hr->6hr,1hr->6hr	alt 3'ss (A3SS)	35	118	axon; axon extension involved in axon guidance; axon guidance; axonal fasciculation
AFF3	ALF transcription elongation factor 3	other	chr2	-	647010	6	0.287	0hr->6hr,1hr->6hr	alt 3'ss (A3SS),alt 5'ss (A5SS)	0	11	""
PLEKHA5	pleckstrin homology domain containing A5	neuronal (weak annotation)	chr12	+	246752	4	0.287	0hr->6hr,1hr->6hr	alt 5'ss (A5SS)	2	12	glutamatergic synapse; postsynaptic density
PBRM1	polybromo 1	other	chr3	-	140566	3	0.284	0hr->6hr,1hr->6hr	alt 3'ss (A3SS)	0	22	""
SNX29	sorting nexin 29	other	chr16	+	597617	6	0.284	0hr->6hr,1hr->6hr	alt 3'ss (A3SS),alt 5'ss (A5SS)	0	1	""
CALD1	caldesmon 1	other	chr7	+	226478	4	0.277	0hr->1hr,0hr->6hr	alt 5'ss (A5SS)	0	15	""
TRIM33	tripartite motif containing 33	other	chr1	-	118414	4	0.277	0hr->1hr,0hr->6hr	alt 3'ss (A3SS),alt 5'ss (A5SS)	0	13	""
CCDC82	coiled-coil domain containing 82	other	chr11	-	40737	6	0.276	0hr->1hr,0hr->6hr,1hr->6hr	alt 3'ss (A3SS),alt 5'ss (A5SS)	0	1	""
HMCES	5-hydroxymethylcytosine binding, ES cell specific	other	chr3	+	27376	3	0.276	0hr->1hr,1hr->6hr	alt 5'ss (A5SS)	0	9	""
MAP7	microtubule associated protein 7	neuronal (weak annotation)	chr6	-	208539	4	0.275	0hr->6hr,1hr->6hr	alt 5'ss (A5SS)	1	14	axon
FBXW2	F-box and WD repeat domain containing 2	other	chr9	-	41485	4	0.274	0hr->6hr,1hr->6hr	alt 5'ss (A5SS)	0	6	""
GPBP1	GC-rich promoter binding protein 1	other	chr5	+	90732	5	0.274	0hr->6hr,1hr->6hr	alt 3'ss (A3SS),alt 5'ss (A5SS)	0	11	""
ATF2	activating transcription factor 2	neuronal (weak annotation)	chr2	-	96133	4	0.273	0hr->6hr,1hr->6hr	alt 3'ss (A3SS)	2	84	motor neuron apoptotic process; positive regulation of neuron apoptotic process
ENSG00000290921		other	chr10	-	118346	3	0.273	0hr->6hr,1hr->6hr	alt 3'ss (A3SS)	0	0	""
CCDC66	coiled-coil domain containing 66	other	chr3	+	64682	5	0.269	0hr->1hr,0hr->6hr	alt 3'ss (A3SS),alt 5'ss (A5SS)	0	18	""
EIF2AK2	eukaryotic translation initiation factor 2 alpha kinase 2	other	chr2	-	58313	4	0.269	0hr->6hr,1hr->6hr	alt 3'ss (A3SS)	0	44	""
ZMYND8	zinc finger MYND-type containing 8	other	chr20	-	147676	4	0.269	0hr->6hr,1hr->6hr	alt 3'ss (A3SS)	0	13	""
ETV1	ETS variant transcription factor 1	neuronal (weak annotation)	chr7	-	100197	3	0.268	0hr->6hr	alt 3'ss (A3SS),alt 5'ss (A5SS)	2	16	axon guidance; peripheral nervous system neuron development
DGKD	diacylglycerol kinase delta	other	chr2	+	117621	4	0.267	0hr->6hr,1hr->6hr	alt 5'ss (A5SS)	0	28	""
IFNAR2	interferon alpha and beta receptor subunit 2	other	chr21	+	60394	3	0.267	0hr->6hr,1hr->6hr	alt 3'ss (A3SS)	0	16	""
LCOR	ligand dependent nuclear receptor corepressor	other	chr10	+	163722	4	0.264	0hr->6hr,1hr->6hr	alt 5'ss (A5SS)	0	13	""
ARHGAP18	Rho GTPase activating protein 18	other	chr6	-	191494	2	0.262	0hr->6hr	alt 5'ss (A5SS)	0	15	""
ARL13B	ADP ribosylation factor like GTPase 13B	neuronal	chr3	+	75576	1	0.261	1hr->6hr	alt 5'ss (A5SS)	4	20	axoneme; formation of radial glial scaffolds; interneuron migration from the subpallium to the cortex; neural tube patterning
HMGA1	high mobility group AT-hook 1	other	chr6	+	9423	2	0.261	0hr->6hr	alt 3'ss (A3SS)	0	35	""
KDM1A	lysine demethylase 1A	neuronal (weak annotation)	chr1	+	64247	5	0.261	0hr->6hr,1hr->6hr	alt 5'ss (A5SS)	3	63	neuron maturation; positive regulation of neural precursor cell proliferation; positive regulation of neuron projection development
ENSG00000226824		other	chr7	+	46863	3	0.26	0hr->1hr,0hr->6hr	alt 3'ss (A3SS)	0	0	""
MBOAT2	membrane bound O-acyltransferase domain containing 2	other	chr2	-	151046	3	0.259	0hr->6hr,1hr->6hr	alt 5'ss (A5SS)	0	15	""
CEP170	centrosomal protein 170	other	chr1	-	131390	3	0.258	0hr->6hr	alt 3'ss (A3SS),alt 5'ss (A5SS)	0	7	""
MBNL1	muscleblind like splicing regulator 1	other	chr3	+	221953	4	0.258	0hr->6hr,1hr->6hr	alt 5'ss (A5SS)	0	18	""
TVP23A	trans-golgi network vesicle protein 23 homolog A	other	chr16	-	57966	1	0.258	0hr->6hr	alt 3'ss (A3SS)	0	4	""
ONECUT1	one cut homeobox 1	other	chr15	-	36026	2	0.257	0hr->6hr,1hr->6hr	alt 5'ss (A5SS)	0	28	""
NCALD	neurocalcin delta	other	chr8	-	438366	4	0.255	0hr->1hr,0hr->6hr	alt 3'ss (A3SS)	0	11	""
RSPRY1	ring finger and SPRY domain containing 1	other	chr16	+	54333	2	0.254	0hr->6hr	alt 5'ss (A5SS)	0	6	""
TERF1	telomeric repeat binding factor 1	other	chr8	+	39321	6	0.253	0hr->6hr,1hr->6hr	alt 3'ss (A3SS),alt 5'ss (A5SS)	0	42	""
LRBA	LPS responsive beige-like anchor protein	other	chr4	-	751331	4	0.251	0hr->6hr,1hr->6hr	alt 5'ss (A5SS)	0	13	""
OSBPL6	oxysterol binding protein like 6	other	chr2	+	208444	6	0.251	0hr->6hr,1hr->6hr	alt 3'ss (A3SS),alt 5'ss (A5SS)	0	15	""
RBM6	RNA binding motif protein 6	other	chr3	+	160040	3	0.251	0hr->6hr,1hr->6hr	alt 3'ss (A3SS)	0	6	""
C20orf96	chromosome 20 open reading frame 96	other	chr20	-	19916	3	0.25	0hr->6hr,1hr->6hr	alt 3'ss (A3SS)	0	0	""
CARMIL2	capping protein regulator and myosin 1 linker 2	other	chr16	+	12582	5	0.25	0hr->6hr,1hr->6hr	alt 3'ss (A3SS),alt 5'ss (A5SS)	0	26	""
ENSG00000284707		other	chr7	-	121298	3	0.248	0hr->1hr,0hr->6hr	alt 3'ss (A3SS)	0	0	""
ENSG00000290928		other	chr17	+	81610	3	0.248	0hr->6hr,1hr->6hr	alt 3'ss (A3SS),alt 5'ss (A5SS)	0	0	""
CCNL1	cyclin L1	other	chr3	-	14253	2	0.247	0hr->1hr	alt 3'ss (A3SS)	0	12	""
PEAK1	pseudopodium enriched atypical kinase 1	other	chr15	-	320501	3	0.247	1hr->6hr	alt 5'ss (A5SS)	0	14	""
PHF3	PHD finger protein 3	other	chr6	+	143619	6	0.246	0hr->6hr,1hr->6hr	alt 3'ss (A3SS),alt 5'ss (A5SS)	0	5	""
WSB1	WD repeat and SOCS box containing 1	other	chr17	+	21870	4	0.245	0hr->6hr,1hr->6hr	alt 3'ss (A3SS)	0	8	""
TMEM181	transmembrane protein 181	other	chr6	+	99172	2	0.244	0hr->6hr,1hr->6hr	alt 3'ss (A3SS)	0	2	""
MALAT1	metastasis associated lung adenocarcinoma transcript 1	other	chr11	+	10434	2	0.242	0hr->1hr	alt 5'ss (A5SS)	0	4	""
LRRFIP1	LRR binding FLII interacting protein 1	other	chr2	+	186139	5	0.241	0hr->1hr,1hr->6hr	alt 3'ss (A3SS),alt 5'ss (A5SS)	0	15	""
UBE2Q2P2	UBE2Q2 pseudogene 2	other	chr15	+	64335	6	0.241	0hr->6hr,1hr->6hr	alt 3'ss (A3SS),alt 5'ss (A5SS)	0	0	""
KIAA0825	KIAA0825	other	chr5	-	467780	3	0.24	0hr->1hr	alt 3'ss (A3SS),alt 5'ss (A5SS)	0	1	""
PSD3	pleckstrin and Sec7 domain containing 3	neuronal (weak annotation)	chr8	-	557428	3	0.24	0hr->1hr,0hr->6hr	alt 5'ss (A5SS)	1	6	postsynaptic density
ZNF608	zinc finger protein 608	other	chr5	-	111938	2	0.24	1hr->6hr	alt 5'ss (A5SS)	0	4	""
ANKRD36C	ankyrin repeat domain 36C	other	chr2	-	155990	7	0.239	0hr->6hr,1hr->6hr	alt 3'ss (A3SS),alt 5'ss (A5SS)	0	1	""
ADGRB3-DT	ADGRB3 divergent transcript	other	chr6	-	7296	1	0.238	0hr->6hr	alt 5'ss (A5SS)	0	0	""
BTBD3	BTB domain containing 3	neuronal (weak annotation)	chr20	+	109047	2	0.238	0hr->6hr	alt 5'ss (A5SS)	1	7	dendrite morphogenesis
SLC25A29	solute carrier family 25 member 29	other	chr14	-	15432	4	0.238	0hr->6hr,1hr->6hr	alt 3'ss (A3SS)	0	14	""
PDE10A	phosphodiesterase 10A	other	chr6	-	660831	2	0.237	1hr->6hr	alt 3'ss (A3SS)	0	12	""
THSD7B	thrombospondin type 1 domain containing 7B	other	chr2	+	912417	4	0.237	0hr->1hr,0hr->6hr	alt 3'ss (A3SS)	0	3	""
AP2B1	adaptor related protein complex 2 subunit beta 1	neuronal (weak annotation)	chr17	+	148368	2	0.236	0hr->6hr	alt 3'ss (A3SS)	3	24	glutamatergic synapse; postsynapse; postsynaptic neurotransmitter receptor internalization
ZNF93	zinc finger protein 93	other	chr19	+	97648	7	0.236	0hr->6hr,1hr->6hr	alt 3'ss (A3SS),alt 5'ss (A5SS)	0	8	""
ENSG00000291220		other	chr5	+	46894	1	0.235	1hr->6hr	alt 5'ss (A5SS)	0	0	""
MLLT10	MLLT10 histone lysine methyltransferase DOT1L cofactor	other	chr10	+	218985	2	0.235	1hr->6hr	alt 3'ss (A3SS)	0	11	""
ENSG00000288035		other	chr5	-	271867	3	0.233	0hr->1hr,0hr->6hr	alt 3'ss (A3SS)	0	0	""
NEDD4L	NEDD4 like E3 ubiquitin protein ligase	neuronal (weak annotation)	chr18	+	357315	4	0.231	0hr->6hr,1hr->6hr	alt 5'ss (A5SS)	2	38	positive regulation of dendrite extension; regulation of dendrite morphogenesis
ZNF33B	zinc finger protein 33B	other	chr10	-	64387	3	0.231	1hr->6hr	alt 3'ss (A3SS),alt 5'ss (A5SS)	0	7	""
ST18	ST18 C2H2C-type zinc finger transcription factor	other	chr8	-	350122	7	0.229	0hr->6hr,1hr->6hr	alt 5'ss (A5SS)	0	13	""
ZFYVE16	zinc finger FYVE-type containing 16	other	chr5	+	75458	2	0.229	0hr->6hr,1hr->6hr	alt 5'ss (A5SS)	0	13	""
CHD7	chromodomain helicase DNA binding protein 7	neuronal (weak annotation)	chr8	+	189289	2	0.228	0hr->1hr,1hr->6hr	alt 5'ss (A5SS)	2	59	cranial nerve development; olfactory nerve development
ENSG00000291073		other	chr16	-	73816	3	0.227	0hr->6hr	alt 3'ss (A3SS),alt 5'ss (A5SS)	0	0	""
PTPRN	protein tyrosine phosphatase receptor type N	neuronal (weak annotation)	chr2	-	20026	2	0.227	1hr->6hr	alt 3'ss (A3SS)	3	24	axon terminus; neuronal cell body; synapse
CKLF	chemokine like factor	other	chr16	+	13689	4	0.226	0hr->6hr,1hr->6hr	alt 3'ss (A3SS)	0	11	""
DAAM1	dishevelled associated activator of morphogenesis 1	other	chr14	+	182760	3	0.225	0hr->6hr	alt 3'ss (A3SS),alt 5'ss (A5SS)	0	12	""
ICA1	islet cell autoantigen 1	neuronal (weak annotation)	chr7	-	149504	3	0.225	0hr->6hr,1hr->6hr	alt 5'ss (A5SS)	2	14	neurotransmitter transport; synaptic vesicle membrane
ZNF254	zinc finger protein 254	other	chr19	+	96564	2	0.225	0hr->6hr	alt 5'ss (A5SS)	0	6	""
GOLGA1	golgin A1	other	chr9	-	70218	3	0.224	0hr->6hr,1hr->6hr	alt 5'ss (A5SS)	0	7	""
PRKAG2-AS1	PRKAG2 antisense RNA 1	other	chr7	+	2188	1	0.224	0hr->6hr	alt 3'ss (A3SS)	0	0	""
ENSG00000254400		other	chr11	-	779	2	0.223	0hr->6hr	alt 5'ss (A5SS)	0	0	""
GPCPD1	glycerophosphocholine phosphodiesterase 1	other	chr20	-	66621	4	0.223	1hr->6hr	alt 3'ss (A3SS),alt 5'ss (A5SS)	0	5	""
CSRNP3	cysteine and serine rich nuclear protein 3	other	chr2	+	219766	2	0.222	1hr->6hr	alt 5'ss (A5SS)	0	10	""
GIGYF2	GRB10 interacting GYF protein 2	neuronal (weak annotation)	chr2	+	163307	6	0.222	0hr->6hr,1hr->6hr	alt 3'ss (A3SS),alt 5'ss (A5SS)	2	29	proximal dendrite; spinal cord motor neuron differentiation
DAPK3	death associated protein kinase 3	other	chr19	-	12672	2	0.22	0hr->1hr	alt 5'ss (A5SS)	0	36	""
ENSG00000291174		other	chr11	+	11464	2	0.22	0hr->6hr,1hr->6hr	alt 3'ss (A3SS)	0	0	""
FBXO44	F-box protein 44	other	chr1	+	8953	1	0.22	1hr->6hr	alt 3'ss (A3SS)	0	10	""
CHST8	carbohydrate sulfotransferase 8	other	chr19	+	151587	2	0.219	0hr->1hr	alt 3'ss (A3SS)	0	10	""
CYLD	CYLD lysine 63 deubiquitinase	other	chr16	+	59910	2	0.219	0hr->6hr	alt 3'ss (A3SS)	0	40	""
NCOR1	nuclear receptor corepressor 1	other	chr17	-	189121	6	0.219	0hr->6hr,1hr->6hr	alt 3'ss (A3SS),alt 5'ss (A5SS)	0	26	""
NTNG1	netrin G1	neuronal	chr1	+	344919	2	0.219	0hr->6hr	alt 5'ss (A5SS)	9	21	anchored component of presynaptic active zone membrane; axonogenesis; glutamatergic synapse; modulation of chemical synaptic transmission
ZNF638	zinc finger protein 638	other	chr2	+	158509	5	0.219	0hr->1hr,0hr->6hr,1hr->6hr	alt 3'ss (A3SS),alt 5'ss (A5SS)	0	9	""
PRRC2C	proline rich coiled-coil 2C	other	chr1	+	108038	2	0.218	1hr->6hr	alt 3'ss (A3SS)	0	8	""
SGCE	sarcoglycan epsilon	neuronal (weak annotation)	chr7	-	132369	6	0.218	0hr->6hr,1hr->6hr	alt 3'ss (A3SS),alt 5'ss (A5SS)	1	10	dendrite membrane
YTHDC2	YTH domain containing 2	other	chr5	+	81672	6	0.218	0hr->1hr,0hr->6hr	alt 3'ss (A3SS),alt 5'ss (A5SS)	0	20	""
ATP2B1	ATPase plasma membrane Ca2+ transporting 1	neuronal	chr12	-	121318	4	0.217	0hr->6hr,1hr->6hr	alt 3'ss (A3SS),alt 5'ss (A5SS)	11	49	dendritic spine membrane; GABA-ergic synapse; glutamatergic synapse; immunological synapse
ING2	inhibitor of growth family member 2	other	chr4	+	7372	2	0.217	1hr->6hr	alt 5'ss (A5SS)	0	33	""
PRKACB	protein kinase cAMP-activated catalytic subunit beta	neuronal (weak annotation)	chr1	+	160492	5	0.217	0hr->6hr,1hr->6hr	alt 3'ss (A3SS),alt 5'ss (A5SS)	2	25	negative regulation of smoothened signaling pathway involved in dorsal/ventral neural tube patterning; neural tube closure
SLC12A2	solute carrier family 12 member 2	neuronal (weak annotation)	chr5	+	105912	2	0.217	1hr->6hr	alt 3'ss (A3SS)	3	59	neuron projection; neuronal cell body; regulation of spontaneous synaptic transmission
TRA2A	transformer 2 alpha homolog	other	chr7	-	27270	1	0.217	0hr->1hr	alt 3'ss (A3SS)	0	9	""
DHX30	DExH-box helicase 30	other	chr3	+	47515	2	0.216	0hr->6hr	alt 3'ss (A3SS)	0	15	""
DLEU2	deleted in lymphocytic leukemia 2	other	chr13	-	169051	2	0.216	0hr->6hr,1hr->6hr	alt 3'ss (A3SS)	0	0	""
RPRD2	regulation of nuclear pre-mRNA domain containing 2	other	chr1	+	113476	4	0.216	0hr->6hr,1hr->6hr	alt 3'ss (A3SS)	0	4	""
ICA1L	islet cell autoantigen 1 like	other	chr2	-	98737	6	0.215	0hr->6hr,1hr->6hr	alt 3'ss (A3SS),alt 5'ss (A5SS)	0	4	""
MAD2L2	mitotic arrest deficient 2 like 2	other	chr1	-	32961	4	0.215	0hr->6hr,1hr->6hr	alt 5'ss (A5SS)	0	35	""
RABEP1	rabaptin, RAB GTPase binding effector protein 1	other	chr17	+	104107	2	0.215	0hr->6hr	alt 3'ss (A3SS)	0	21	""
ASH1L	ASH1 like histone lysine methyltransferase	other	chr1	-	227938	3	0.213	0hr->6hr,1hr->6hr	alt 5'ss (A5SS)	0	32	""
CFC1B	cripto, FRL-1, cryptic family 1B	other	chr2	+	7408	2	0.213	1hr->6hr	alt 5'ss (A5SS)	0	12	""
EHBP1	EH domain binding protein 1	other	chr2	+	372637	5	0.213	0hr->6hr,1hr->6hr	alt 3'ss (A3SS),alt 5'ss (A5SS)	0	9	""
CARD19	caspase recruitment domain family member 19	other	chr9	+	17138	6	0.212	0hr->6hr,1hr->6hr	alt 3'ss (A3SS),alt 5'ss (A5SS)	0	8	""
ACADM	acyl-CoA dehydrogenase medium chain	neuronal (weak annotation)	chr1	+	63240	4	0.211	0hr->1hr,0hr->6hr	alt 3'ss (A3SS)	1	23	axon
FAM104A	family with sequence similarity 104 member A	other	chr17	-	29401	5	0.211	0hr->6hr,1hr->6hr	alt 3'ss (A3SS),alt 5'ss (A5SS)	0	1	""
RNF24	ring finger protein 24	other	chr20	-	88265	4	0.211	0hr->1hr,1hr->6hr	alt 3'ss (A3SS),alt 5'ss (A5SS)	0	8	""
PMFBP1	polyamine modulated factor 1 binding protein 1	other	chr16	-	64722	3	0.21	1hr->6hr	alt 3'ss (A3SS),alt 5'ss (A5SS)	0	4	""
SENP6	SUMO specific peptidase 6	other	chr6	+	116773	1	0.21	0hr->6hr	alt 3'ss (A3SS)	0	11	""
ZNF749	zinc finger protein 749	other	chr19	+	46747	1	0.21	0hr->6hr	alt 5'ss (A5SS)	0	7	""
ASXL3	ASXL transcriptional regulator 3	other	chr18	+	172977	1	0.209	0hr->6hr	alt 5'ss (A5SS)	0	8	""
TACC2	transforming acidic coiled-coil containing protein 2	other	chr10	+	265383	5	0.209	0hr->6hr,1hr->6hr	alt 5'ss (A5SS)	0	10	""
TANK	TRAF family member associated NFKB activator	other	chr2	+	99323	2	0.209	0hr->6hr	alt 3'ss (A3SS)	0	19	""
TMEM170A	transmembrane protein 170A	other	chr16	-	22444	3	0.209	0hr->6hr,1hr->6hr	alt 5'ss (A5SS)	0	7	""
CFC1	cripto, FRL-1, cryptic family 1	other	chr2	-	7460	6	0.208	0hr->6hr,1hr->6hr	alt 3'ss (A3SS),alt 5'ss (A5SS)	0	16	""
ENTPD6	ectonucleoside triphosphate diphosphohydrolase 6	other	chr20	+	32383	2	0.208	0hr->6hr	alt 3'ss (A3SS)	0	18	""
FBXO2	F-box protein 2	neuronal (weak annotation)	chr1	-	18768	1	0.207	1hr->6hr	alt 5'ss (A5SS)	1	18	dendritic spine
DRAM2	DNA damage regulated autophagy modulator 2	other	chr1	-	23045	2	0.206	0hr->6hr,1hr->6hr	alt 3'ss (A3SS)	0	13	""
ELAPOR1	endosome-lysosome associated apoptosis and autophagy regulator 1	other	chr1	+	93103	1	0.206	1hr->6hr	alt 3'ss (A3SS)	0	15	""
TPM1	tropomyosin 1	other	chr15	+	29296	3	0.206	0hr->1hr,0hr->6hr	alt 3'ss (A3SS),alt 5'ss (A5SS)	0	38	""
OSBPL9	oxysterol binding protein like 9	other	chr1	+	221249	4	0.205	0hr->6hr,1hr->6hr	alt 3'ss (A3SS)	0	10	""
PGAP1	post-GPI attachment to proteins inositol deacylase 1	other	chr2	-	94793	2	0.205	0hr->6hr,1hr->6hr	alt 5'ss (A5SS)	0	14	""
RND2	Rho family GTPase 2	other	chr17	+	6835	3	0.204	0hr->1hr,0hr->6hr	alt 5'ss (A5SS)	0	22	""
DENND4C	DENN domain containing 4C	other	chr9	+	143847	4	0.202	0hr->1hr,1hr->6hr	alt 3'ss (A3SS)	0	14	""
DLX6-AS1	DLX6 antisense RNA 1	other	chr7	-	58966	4	0.202	0hr->1hr,0hr->6hr	alt 3'ss (A3SS)	0	0	""
NOL4	nucleolar protein 4	other	chr18	-	373853	3	0.202	0hr->6hr,1hr->6hr	alt 5'ss (A5SS)	0	2	""
NRXN2	neurexin 2	neuronal	chr11	-	117024	2	0.201	0hr->6hr	alt 5'ss (A5SS)	9	22	chemical synaptic transmission; gephyrin clustering involved in postsynaptic density assembly; neuroligin clustering involved in postsynaptic membrane assembly; neuron cell-cell adhesion
SECISBP2L	SECIS binding protein 2 like	other	chr15	-	58087	2	0.201	1hr->6hr	alt 3'ss (A3SS)	0	7	""
SPAG1	sperm associated antigen 1	neuronal (weak annotation)	chr8	+	101373	2	0.201	1hr->6hr	alt 5'ss (A5SS)	2	9	axonemal dynein complex assembly; dynein axonemal particle
ZNF43	zinc finger protein 43	other	chr19	-	47180	1	0.201	1hr->6hr	alt 5'ss (A5SS)	0	7	""
ADGRB3	adhesion G protein-coupled receptor B3	neuronal	chr6	+	755322	4	0.2	0hr->6hr,1hr->6hr	alt 3'ss (A3SS)	6	19	maintenance of synapse structure; neuron remodeling; positive regulation of synapse assembly; postsynapse
CYRIB	CYFIP related Rac1 interactor B	other	chr8	-	177912	5	0.2	0hr->1hr,0hr->6hr,1hr->6hr	alt 3'ss (A3SS),alt 5'ss (A5SS)	0	20	""
DGCR5	DiGeorge syndrome critical region gene 5	other	chr22	+	85893	1	0.2	1hr->6hr	alt 3'ss (A3SS)	0	0	""
ENAH	ENAH actin regulator	neuronal (weak annotation)	chr1	-	166378	4	0.2	0hr->6hr	alt 3'ss (A3SS),alt 5'ss (A5SS)	2	16	axon guidance; synapse
RNMT	RNA guanine-7 methyltransferase	other	chr18	+	37897	3	0.2	0hr->6hr	alt 3'ss (A3SS),alt 5'ss (A5SS)	0	12	""
AUH	AU RNA binding methylglutaconyl-CoA hydratase	other	chr9	-	148147	2	0.199	0hr->6hr	alt 3'ss (A3SS)	0	8	""
FAM110B	family with sequence similarity 110 member B	other	chr8	+	209878	2	0.199	0hr->1hr,0hr->6hr	alt 5'ss (A5SS)	0	4	""
CAMK2B	calcium/calmodulin dependent protein kinase II beta	neuronal	chr7	-	124559	2	0.198	1hr->6hr	alt 5'ss (A5SS)	9	32	neuron projection; positive regulation of dendritic spine morphogenesis; positive regulation of neuron projection development; positive regulation of synapse maturation
ZFP90	ZFP90 zinc finger protein	other	chr16	+	45983	3	0.198	0hr->6hr,1hr->6hr	alt 3'ss (A3SS)	0	10	""
AKAP11	A-kinase anchoring protein 11	other	chr13	+	51810	2	0.197	0hr->6hr,1hr->6hr	alt 3'ss (A3SS),alt 5'ss (A5SS)	0	14	""
GPR155	G protein-coupled receptor 155	other	chr2	-	55535	1	0.197	1hr->6hr	alt 5'ss (A5SS)	0	6	""
MAGI2-AS3	MAGI2 antisense RNA 3	other	chr7	+	18332	1	0.196	1hr->6hr	alt 5'ss (A5SS)	0	0	""
RABGAP1	RAB GTPase activating protein 1	other	chr9	+	164034	2	0.196	0hr->1hr	alt 5'ss (A5SS)	0	10	""
NMD3	NMD3 ribosome export adaptor	other	chr3	+	148837	1	0.195	0hr->6hr	alt 5'ss (A5SS)	0	13	""
SNRK	SNF related kinase	other	chr3	+	138253	2	0.195	1hr->6hr	alt 5'ss (A5SS)	0	8	""
USP47	ubiquitin specific peptidase 47	other	chr11	+	120465	3	0.195	0hr->1hr,0hr->6hr	alt 3'ss (A3SS),alt 5'ss (A5SS)	0	26	""
GPANK1	G-patch domain and ankyrin repeats 1	other	chr6	-	5056	2	0.194	0hr->6hr	alt 3'ss (A3SS)	0	2	""
MVD	mevalonate diphosphate decarboxylase	other	chr16	-	11227	2	0.194	1hr->6hr	alt 5'ss (A5SS)	0	9	""
NAA38	N-alpha-acetyltransferase 38, NatC auxiliary subunit	other	chr17	-	28554	1	0.194	0hr->1hr	alt 5'ss (A5SS)	0	7	""
ZNF569	zinc finger protein 569	other	chr19	-	58121	2	0.194	0hr->1hr,0hr->6hr	alt 5'ss (A5SS)	0	6	""
BLOC1S6	biogenesis of lysosomal organelles complex 1 subunit 6	neuronal	chr15	+	28838	1	0.193	0hr->6hr	alt 5'ss (A5SS)	6	27	anterograde axonal transport; anterograde synaptic vesicle transport; axon cytoplasm; neuron projection development
APOC1	apolipoprotein C1	other	chr19	+	5103	4	0.192	0hr->1hr,1hr->6hr	alt 5'ss (A5SS)	0	32	""
PLEKHA6	pleckstrin homology domain containing A6	other	chr1	-	158813	2	0.192	0hr->6hr,1hr->6hr	alt 5'ss (A5SS)	0	1	""
POLB	DNA polymerase beta	neuronal (weak annotation)	chr8	+	33356	5	0.192	0hr->6hr,1hr->6hr	alt 3'ss (A3SS),alt 5'ss (A5SS)	1	36	neuron apoptotic process
SVIL	supervillin	other	chr10	-	279680	2	0.192	0hr->6hr	alt 5'ss (A5SS)	0	20	""
ZNF433-AS1	ZNF433 and ZNF878 antisense RNA 1	other	chr19	+	58691	1	0.192	1hr->6hr	alt 3'ss (A3SS)	0	0	""
CD2AP	CD2 associated protein	neuronal (weak annotation)	chr6	+	149641	3	0.191	0hr->1hr,0hr->6hr	alt 5'ss (A5SS)	2	41	axon; dendrite
COPS2	COP9 signalosome subunit 2	neuronal (weak annotation)	chr15	-	49597	2	0.191	0hr->6hr	alt 3'ss (A3SS)	1	19	neuron differentiation
FOCAD	focadhesin	other	chr9	+	337689	3	0.191	0hr->6hr,1hr->6hr	alt 5'ss (A5SS)	0	4	""
KIAA1522	KIAA1522	other	chr1	+	33141	2	0.191	0hr->6hr	alt 5'ss (A5SS)	0	1	""
PTK2	protein tyrosine kinase 2	neuronal (weak annotation)	chr8	-	344317	3	0.191	0hr->6hr	alt 3'ss (A3SS),alt 5'ss (A5SS)	2	78	axon guidance; dendritic spine
USP37	ubiquitin specific peptidase 37	other	chr2	-	118148	2	0.191	0hr->6hr	alt 3'ss (A3SS)	0	14	""
ZMYM2	zinc finger MYM-type containing 2	other	chr13	+	133153	1	0.191	0hr->6hr	alt 5'ss (A5SS)	0	8	""
ZNF138	zinc finger protein 138	other	chr7	+	57643	4	0.191	0hr->6hr,1hr->6hr	alt 3'ss (A3SS)	0	7	""
ZNG1E	Zn regulated GTPase metalloprotein activator 1E	other	chr9	+	65485	1	0.191	1hr->6hr	alt 5'ss (A5SS)	0	3	""
ENSG00000291075		other	chr9	+	65179	2	0.19	0hr->6hr	alt 3'ss (A3SS)	0	0	""
ZNF326	zinc finger protein 326	other	chr1	+	40457	2	0.19	0hr->6hr	alt 5'ss (A5SS)	0	14	""
ANKRD36	ankyrin repeat domain 36	other	chr2	+	151609	4	0.189	0hr->6hr	alt 5'ss (A5SS)	0	0	""
NPIPB3	nuclear pore complex interacting protein family member B3	other	chr16	-	46331	3	0.189	0hr->1hr,1hr->6hr	alt 5'ss (A5SS)	0	5	""
ZFYVE21	zinc finger FYVE-type containing 21	other	chr14	+	17939	4	0.189	0hr->6hr,1hr->6hr	alt 3'ss (A3SS),alt 5'ss (A5SS)	0	4	""
BUB3	BUB3 mitotic checkpoint protein	other	chr10	+	16117	2	0.188	0hr->6hr	alt 3'ss (A3SS)	0	14	""
ENSG00000226526		other	chr1	+	26166	2	0.188	1hr->6hr	alt 3'ss (A3SS)	0	0	""
NAGK	N-acetylglucosamine kinase	other	chr2	+	15465	2	0.188	0hr->6hr,1hr->6hr	alt 3'ss (A3SS)	0	9	""
ZFHX4	zinc finger homeobox 4	other	chr8	+	186043	1	0.187	0hr->6hr	alt 5'ss (A5SS)	0	6	""
HNRNPAB	heterogeneous nuclear ribonucleoprotein A/B	neuronal (weak annotation)	chr5	+	6631	1	0.186	0hr->6hr	alt 5'ss (A5SS)	2	22	dendrite; neuronal ribonucleoprotein granule
PPP4R1	protein phosphatase 4 regulatory subunit 1	other	chr18	-	68450	2	0.186	0hr->6hr	alt 3'ss (A3SS)	0	8	""
ENSG00000291136		other	chr7	-	66317	2	0.185	0hr->1hr,0hr->6hr	alt 3'ss (A3SS),alt 5'ss (A5SS)	0	0	""
RSRP1	arginine and serine rich protein 1	other	chr1	-	95965	2	0.185	0hr->6hr	alt 3'ss (A3SS)	0	1	""
CROCCP2	CROCC pseudogene 2	other	chr1	-	26636	2	0.184	0hr->6hr	alt 3'ss (A3SS)	0	0	""
DIRAS2	DIRAS family GTPase 2	other	chr9	-	33245	4	0.184	0hr->1hr,0hr->6hr	alt 3'ss (A3SS)	0	6	""
KLHL7	kelch like family member 7	other	chr7	+	72181	2	0.184	0hr->6hr	alt 3'ss (A3SS)	0	10	""
ZMYM5	zinc finger MYM-type containing 5	other	chr13	-	40213	3	0.184	0hr->6hr	alt 3'ss (A3SS),alt 5'ss (A5SS)	0	4	""
CHFR	checkpoint with forkhead and ring finger domains	other	chr12	-	134118	1	0.183	1hr->6hr	alt 5'ss (A5SS)	0	18	""
NXPE3	neurexophilin and PC-esterase domain family member 3	other	chr3	+	64567	1	0.183	0hr->6hr	alt 5'ss (A5SS)	0	2	""
RWDD3	RWD domain containing 3	other	chr1	+	18639	1	0.183	1hr->6hr	alt 3'ss (A3SS)	0	6	""
UXS1	UDP-glucuronate decarboxylase 1	other	chr2	-	101042	2	0.183	0hr->6hr,1hr->6hr	alt 5'ss (A5SS)	0	11	""
CELF1	CUGBP Elav-like family member 1	other	chr11	-	99637	2	0.182	0hr->6hr	alt 3'ss (A3SS)	0	28	""
CHCHD3	coiled-coil-helix-coiled-coil-helix domain containing 3	other	chr7	-	297291	1	0.182	0hr->6hr	alt 3'ss (A3SS)	0	14	""
SLC16A3	solute carrier family 16 member 3	neuronal (weak annotation)	chr17	+	43196	1	0.182	0hr->6hr	alt 5'ss (A5SS)	2	19	integral component of postsynaptic density membrane; parallel fiber to Purkinje cell synapse
ZDBF2	zinc finger DBF-type containing 2	other	chr2	+	39826	2	0.182	0hr->1hr,0hr->6hr	alt 5'ss (A5SS)	0	5	""
CCDC186	coiled-coil domain containing 186	other	chr10	-	53376	1	0.181	0hr->6hr	alt 5'ss (A5SS)	0	5	""
GOLGA4	golgin A4	neuronal (weak annotation)	chr3	+	123689	1	0.181	1hr->6hr	alt 3'ss (A3SS)	1	15	positive regulation of axon extension
PAM	peptidylglycine alpha-amidating monooxygenase	neuronal (weak annotation)	chr5	+	275750	1	0.181	1hr->6hr	alt 3'ss (A3SS)	1	43	neuron projection
LMBR1L	limb development membrane protein 1 like	other	chr12	-	13765	3	0.18	1hr->6hr	alt 3'ss (A3SS),alt 5'ss (A5SS)	0	13	""
OSBPL8	oxysterol binding protein like 8	other	chr12	-	208143	4	0.18	0hr->6hr,1hr->6hr	alt 5'ss (A5SS)	0	26	""
PDE6D	phosphodiesterase 6D	other	chr2	-	53840	2	0.18	0hr->6hr	alt 3'ss (A3SS)	0	12	""
PRRC2A	proline rich coiled-coil 2A	other	chr6	+	17218	4	0.18	0hr->6hr,1hr->6hr	alt 3'ss (A3SS)	0	8	""
SLC5A7	solute carrier family 5 member 7	neuronal	chr2	+	27475	2	0.18	0hr->6hr	alt 3'ss (A3SS)	6	19	axon; dendrite; neuromuscular synaptic transmission; neurotransmitter transport
ZKSCAN7-AS1	ZKSCAN7 ZNF cluster antisense RNA 1	other	chr3	-	128681	3	0.18	0hr->6hr	alt 3'ss (A3SS),alt 5'ss (A5SS)	0	0	""
ATXN1	ataxin 1	other	chr6	-	462423	4	0.179	0hr->6hr	alt 5'ss (A5SS)	0	25	""
LIN28B	lin-28 homolog B	other	chr6	+	146717	1	0.179	1hr->6hr	alt 5'ss (A5SS)	0	17	""
MPRIP	myosin phosphatase Rho interacting protein	other	chr17	+	175223	3	0.179	0hr->1hr,0hr->6hr	alt 5'ss (A5SS)	0	7	""
SMG1	SMG1 nonsense mediated mRNA decay associated PI3K related kinase	other	chr16	-	121606	2	0.179	0hr->6hr	alt 3'ss (A3SS),alt 5'ss (A5SS)	0	27	""
MDM2	MDM2 proto-oncogene	other	chr12	+	37420	2	0.178	0hr->1hr	alt 5'ss (A5SS)	0	68	""
SMG7	SMG7 nonsense mediated mRNA decay factor	other	chr1	+	126153	2	0.178	0hr->6hr,1hr->6hr	alt 3'ss (A3SS),alt 5'ss (A5SS)	0	12	""
STMN2	stathmin 2	neuronal	chr8	+	55325	1	0.178	1hr->6hr	alt 5'ss (A5SS)	6	22	cellular response to nerve growth factor stimulus; negative regulation of neuron projection development; neuron projection; neuron projection development
ERC2	ELKS/RAB6-interacting/CAST family member 2	neuronal	chr3	-	960785	2	0.177	0hr->6hr	alt 5'ss (A5SS)	10	13	cytoskeleton of presynaptic active zone; GABA-ergic synapse; glutamatergic synapse; maintenance of presynaptic active zone structure
LIMCH1	LIM and calponin homology domains 1	other	chr4	+	340438	3	0.177	0hr->6hr	alt 3'ss (A3SS),alt 5'ss (A5SS)	0	11	""
MAPKAPK5-AS1	MAPKAPK5 antisense RNA 1	other	chr12	-	3145	3	0.177	0hr->6hr	alt 5'ss (A5SS)	0	0	""
ENSG00000268362		other	chr19	+	43995	1	0.176	0hr->1hr	alt 3'ss (A3SS)	0	0	""
EZH1	enhancer of zeste 1 polycomb repressive complex 2 subunit	other	chr17	-	44775	3	0.176	1hr->6hr	alt 3'ss (A3SS),alt 5'ss (A5SS)	0	18	""
FBXW11	F-box and WD repeat domain containing 11	neuronal	chr5	-	145325	1	0.176	1hr->6hr	alt 5'ss (A5SS)	4	36	axon cytoplasm; neuron projection; neuronal cell body; retrograde axonal transport
KISS1	KiSS-1 metastasis suppressor	neuronal (weak annotation)	chr1	-	23685	1	0.176	0hr->6hr	alt 3'ss (A3SS)	3	18	neuron projection; neuronal cell body; positive regulation of synaptic transmission
USP53	ubiquitin specific peptidase 53	other	chr4	+	82932	2	0.176	1hr->6hr	alt 3'ss (A3SS)	0	8	""
CCDC112	coiled-coil domain containing 112	other	chr5	-	29504	2	0.175	0hr->6hr	alt 5'ss (A5SS)	0	1	""
KAT6B	lysine acetyltransferase 6B	other	chr10	+	207698	2	0.175	0hr->6hr	alt 5'ss (A5SS)	0	22	""
MIER1	MIER1 transcriptional regulator	other	chr1	+	63725	1	0.175	1hr->6hr	alt 5'ss (A5SS)	0	14	""
NR4A1	nuclear receptor subfamily 4 group A member 1	activity-regulated	chr12	+	36676	1	0.175	1hr->6hr	alt 5'ss (A5SS)	2	41	neurotransmitter secretion involved in regulation of skeletal muscle contraction; presynapse
NUMB	NUMB endocytic adaptor protein	neuronal (weak annotation)	chr14	-	183511	2	0.175	0hr->6hr	alt 3'ss (A3SS)	3	24	axonogenesis; glutamatergic synapse; regulation of postsynaptic neurotransmitter receptor internalization
PHACTR4	phosphatase and actin regulator 4	neuronal (weak annotation)	chr1	+	130811	2	0.175	0hr->1hr,0hr->6hr	alt 3'ss (A3SS),alt 5'ss (A5SS)	2	14	neural crest cell migration; neural tube closure
PNISR	PNN interacting serine and arginine rich protein	neuronal (weak annotation)	chr6	-	27717	2	0.175	0hr->6hr	alt 5'ss (A5SS)	1	6	presynaptic active zone
PPA2	inorganic pyrophosphatase 2	other	chr4	-	105001	1	0.175	0hr->6hr	alt 3'ss (A3SS)	0	9	""
TRAPPC13	trafficking protein particle complex subunit 13	other	chr5	+	41519	3	0.175	0hr->6hr,1hr->6hr	alt 3'ss (A3SS)	0	8	""
ZNF483	zinc finger protein 483	other	chr9	+	52697	1	0.175	1hr->6hr	alt 5'ss (A5SS)	0	5	""
KATNAL1	katanin catalytic subunit A1 like 1	other	chr13	-	104922	1	0.174	0hr->6hr	alt 5'ss (A5SS)	0	17	""
TET2	tet methylcytosine dioxygenase 2	other	chr4	+	133942	2	0.174	0hr->6hr	alt 3'ss (A3SS),alt 5'ss (A5SS)	0	18	""
UBAP2L	ubiquitin associated protein 2 like	other	chr1	+	51332	2	0.174	0hr->6hr	alt 3'ss (A3SS)	0	9	""
ZBTB38	zinc finger and BTB domain containing 38	other	chr3	+	125580	1	0.174	0hr->6hr	alt 3'ss (A3SS)	0	16	""
ARL10	ADP ribosylation factor like GTPase 10	other	chr5	+	36402	6	0.173	0hr->1hr,0hr->6hr	alt 3'ss (A3SS),alt 5'ss (A5SS)	0	2	""
COQ4	coenzyme Q4	other	chr9	+	11590	2	0.173	0hr->6hr,1hr->6hr	alt 3'ss (A3SS),alt 5'ss (A5SS)	0	7	""
DNAJC6	DnaJ heat shock protein family (Hsp40) member C6	neuronal (weak annotation)	chr1	+	167653	1	0.173	0hr->1hr	alt 5'ss (A5SS)	3	14	postsynaptic density; presynapse; synaptic vesicle uncoating
PDCD6IP	programmed cell death 6 interacting protein	neuronal (weak annotation)	chr3	+	71146	1	0.173	1hr->6hr	alt 3'ss (A3SS)	1	35	immunological synapse
DLGAP4	DLG associated protein 4	neuronal	chr20	+	222302	2	0.172	0hr->6hr	alt 5'ss (A5SS)	4	9	cholinergic synapse; glutamatergic synapse; postsynaptic specialization; regulation of postsynaptic neurotransmitter receptor activity
FASTKD1	FAST kinase domains 1	other	chr2	-	45368	2	0.172	0hr->6hr	alt 3'ss (A3SS)	0	8	""
GTF2H2	general transcription factor IIH subunit 2	other	chr5	-	33182	2	0.172	0hr->1hr,0hr->6hr	alt 5'ss (A5SS)	0	18	""
N4BP2	NEDD4 binding protein 2	other	chr4	+	101468	2	0.172	0hr->6hr,1hr->6hr	alt 3'ss (A3SS),alt 5'ss (A5SS)	0	8	""
PPP2R2B	protein phosphatase 2 regulatory subunit Bbeta	other	chr5	-	504043	2	0.172	0hr->6hr	alt 5'ss (A5SS)	0	9	""
RPL21	ribosomal protein L21	other	chr13	+	5425	1	0.172	0hr->6hr	alt 5'ss (A5SS)	0	11	""
SLC20A1	solute carrier family 20 member 1	other	chr2	+	17937	4	0.172	0hr->6hr,1hr->6hr	alt 3'ss (A3SS)	0	13	""
FAM135A	family with sequence similarity 135 member A	other	chr6	+	148234	2	0.171	0hr->6hr,1hr->6hr	alt 5'ss (A5SS)	0	1	""
MIA3	MIA SH3 domain ER export factor 3	other	chr1	+	49959	2	0.171	0hr->6hr	alt 5'ss (A5SS)	0	26	""
SCN1A-AS1	SCN1A and SCN9A antisense RNA 1	other	chr2	+	433584	4	0.171	0hr->6hr,1hr->6hr	alt 3'ss (A3SS),alt 5'ss (A5SS)	0	0	""
SDHC	succinate dehydrogenase complex subunit C	other	chr1	+	48829	2	0.171	0hr->1hr	alt 3'ss (A3SS)	0	13	""
SRP19	signal recognition particle 19	other	chr5	+	37184	2	0.171	0hr->6hr	alt 3'ss (A3SS)	0	11	""
CELF4	CUGBP Elav-like family member 4	neuronal (weak annotation)	chr18	-	322887	4	0.17	0hr->1hr,1hr->6hr	alt 3'ss (A3SS)	3	22	excitatory postsynaptic potential; negative regulation of excitatory postsynaptic potential; postsynapse
CLK1	CDC like kinase 1	other	chr2	-	11720	2	0.17	1hr->6hr	alt 3'ss (A3SS)	0	15	""
EPC1	enhancer of polycomb homolog 1	other	chr10	-	111055	2	0.17	1hr->6hr	alt 5'ss (A5SS)	0	28	""
GGPS1	geranylgeranyl diphosphate synthase 1	other	chr1	+	17183	1	0.17	0hr->6hr	alt 5'ss (A5SS)	0	17	""
ZC3H11A	zinc finger CCCH-type containing 11A	other	chr1	+	59472	4	0.17	0hr->1hr,0hr->6hr	alt 3'ss (A3SS)	0	6	""
ENOPH1	enolase-phosphatase 1	other	chr4	+	31098	1	0.169	0hr->1hr	alt 5'ss (A5SS)	0	9	""
FIP1L1	factor interacting with PAPOLA and CPSF1	other	chr4	+	86814	3	0.169	0hr->6hr,1hr->6hr	alt 3'ss (A3SS),alt 5'ss (A5SS)	0	7	""
GPBP1L1	GC-rich promoter binding protein 1 like 1	other	chr1	-	60810	2	0.169	0hr->6hr	alt 3'ss (A3SS),alt 5'ss (A5SS)	0	7	""
NBPF15	NBPF member 15	other	chr1	-	40287	1	0.169	0hr->6hr	alt 3'ss (A3SS)	0	1	""
RARS2	arginyl-tRNA synthetase 2, mitochondrial	other	chr6	-	76576	2	0.169	0hr->1hr	alt 5'ss (A5SS)	0	9	""
ZC3H13	zinc finger CCCH-type containing 13	other	chr13	-	98335	1	0.169	0hr->6hr	alt 3'ss (A3SS)	0	11	""
ZDHHC16	zinc finger DHHC-type palmitoyltransferase 16	other	chr10	+	11230	2	0.169	0hr->1hr	alt 3'ss (A3SS)	0	12	""
DTNA	dystrobrevin alpha	neuronal	chr18	+	398621	2	0.168	0hr->6hr	alt 3'ss (A3SS)	4	15	chemical synaptic transmission; neuromuscular synaptic transmission; synapse; synaptic signaling
NAA35	N-alpha-acetyltransferase 35, NatC auxiliary subunit	other	chr9	+	84449	1	0.168	0hr->6hr	alt 5'ss (A5SS)	0	10	""
PPIP5K2	diphosphoinositol pentakisphosphate kinase 2	other	chr5	+	92651	2	0.168	0hr->6hr,1hr->6hr	alt 5'ss (A5SS)	0	15	""
ANK2	ankyrin 2	neuronal (weak annotation)	chr4	+	678252	1	0.167	0hr->6hr	alt 3'ss (A3SS)	2	71	neuron projection; postsynaptic membrane
CLASP2	cytoplasmic linker associated protein 2	other	chr3	-	222112	2	0.167	1hr->6hr	alt 3'ss (A3SS),alt 5'ss (A5SS)	0	47	""
CSPP1	centrosome and spindle pole associated protein 1	other	chr8	+	134362	1	0.167	1hr->6hr	alt 3'ss (A3SS)	0	9	""
IFT88	intraflagellar transport 88	other	chr13	+	124324	2	0.167	0hr->6hr	alt 3'ss (A3SS),alt 5'ss (A5SS)	0	22	""
NARF	nuclear prelamin A recognition factor	other	chr17	+	32358	1	0.167	1hr->6hr	alt 5'ss (A5SS)	0	6	""
ODF2L	outer dense fiber of sperm tails 2 like	other	chr1	-	49550	2	0.167	0hr->6hr	alt 3'ss (A3SS)	0	8	""
RAB3D	RAB3D, member RAS oncogene family	neuronal (weak annotation)	chr19	-	24203	2	0.167	0hr->6hr	alt 3'ss (A3SS)	1	21	synaptic vesicle
RNF216P1	ring finger protein 216 pseudogene 1	other	chr7	+	66704	1	0.167	0hr->6hr	alt 3'ss (A3SS)	0	0	""
ZNF432	zinc finger protein 432	other	chr19	-	64361	1	0.167	1hr->6hr	alt 3'ss (A3SS)	0	7	""
BLCAP	BLCAP apoptosis inducing factor	other	chr20	-	110583	1	0.166	0hr->6hr	alt 3'ss (A3SS)	0	4	""
MACF1	microtubule actin crosslinking factor 1	neuronal (weak annotation)	chr1	+	405862	2	0.166	1hr->6hr	alt 5'ss (A5SS)	2	28	positive regulation of axon extension; regulation of neuron projection arborization
PCM1	pericentriolar material 1	neuronal (weak annotation)	chr8	+	107238	4	0.166	0hr->6hr,1hr->6hr	alt 3'ss (A3SS)	2	29	neuron migration; neuronal stem cell population maintenance
ZNF92	zinc finger protein 92	other	chr7	+	27338	1	0.166	0hr->6hr	alt 3'ss (A3SS)	0	8	""
ARMC8	armadillo repeat containing 8	other	chr3	+	111137	1	0.165	0hr->6hr	alt 3'ss (A3SS)	0	12	""
RBM39	RNA binding motif protein 39	other	chr20	-	40966	2	0.165	0hr->6hr	alt 3'ss (A3SS)	0	12	""
SKIC8	SKI8 subunit of superkiller complex	other	chr15	-	21953	1	0.165	0hr->1hr	alt 3'ss (A3SS)	0	15	""
ENSG00000290937		other	chr3	+	69227	1	0.164	1hr->6hr	alt 3'ss (A3SS)	0	0	""
SCN2A	sodium voltage-gated channel alpha subunit 2	neuronal	chr2	+	197318	4	0.164	0hr->6hr,1hr->6hr	alt 3'ss (A3SS),alt 5'ss (A5SS)	6	26	axon; glutamatergic synapse; integral component of presynaptic membrane; neuron apoptotic process
TCP11L1	t-complex 11 like 1	other	chr11	+	66527	1	0.164	1hr->6hr	alt 5'ss (A5SS)	0	3	""
TRIM7-AS2	TRIM7 antisense RNA 2	other	chr5	+	2579	1	0.164	1hr->6hr	alt 5'ss (A5SS)	0	0	""
ACACA	acetyl-CoA carboxylase alpha	other	chr17	-	321845	2	0.163	1hr->6hr	alt 5'ss (A5SS)	0	18	""
ANKRD36B	ankyrin repeat domain 36B	other	chr2	-	97886	2	0.163	0hr->1hr	alt 3'ss (A3SS)	0	1	""
BAZ2B	bromodomain adjacent to zinc finger domain 2B	other	chr2	-	393459	3	0.163	0hr->6hr,1hr->6hr	alt 5'ss (A5SS)	0	6	""
CHD9	chromodomain helicase DNA binding protein 9	other	chr16	+	274160	2	0.163	1hr->6hr	alt 5'ss (A5SS)	0	9	""
IMMP2L	inner mitochondrial membrane peptidase subunit 2	other	chr7	-	899874	1	0.163	0hr->6hr	alt 5'ss (A5SS)	0	18	""
RBM5	RNA binding motif protein 5	other	chr3	+	30110	1	0.163	1hr->6hr	alt 3'ss (A3SS)	0	15	""
SDHB	succinate dehydrogenase complex iron sulfur subunit B	other	chr1	-	35503	2	0.163	0hr->1hr	alt 3'ss (A3SS)	0	20	""
TRPV2	transient receptor potential cation channel subfamily V member 2	neuronal (weak annotation)	chr17	+	21475	1	0.163	0hr->6hr	alt 3'ss (A3SS)	2	20	axonal growth cone; positive regulation of axon extension
ZEB1	zinc finger E-box binding homeobox 1	neuronal (weak annotation)	chr10	+	211320	1	0.163	1hr->6hr	alt 5'ss (A5SS)	1	37	positive regulation of neuron differentiation
AGPAT5	1-acylglycerol-3-phosphate O-acyltransferase 5	other	chr8	+	52918	1	0.162	0hr->6hr	alt 5'ss (A5SS)	0	15	""
ARFGAP2	ADP ribosylation factor GTPase activating protein 2	other	chr11	-	12827	2	0.162	0hr->6hr,1hr->6hr	alt 5'ss (A5SS)	0	9	""
LINC00662	long intergenic non-protein coding RNA 662	other	chr19	-	112934	1	0.162	0hr->6hr	alt 3'ss (A3SS)	0	0	""
RTN2	reticulon 2	other	chr19	-	11762	1	0.162	0hr->6hr	alt 5'ss (A5SS)	0	14	""
TAF11	TATA-box binding protein associated factor 11	other	chr6	-	11731	1	0.162	1hr->6hr	alt 3'ss (A3SS)	0	19	""
NAP1L4	nucleosome assembly protein 1 like 4	other	chr11	-	47947	2	0.161	0hr->6hr	alt 3'ss (A3SS)	0	10	""
NCOA2	nuclear receptor coactivator 2	other	chr8	-	294500	1	0.161	1hr->6hr	alt 5'ss (A5SS)	0	32	""
PPFIA2	PTPRF interacting protein alpha 2	neuronal	chr12	-	501579	1	0.161	0hr->1hr	alt 5'ss (A5SS)	6	14	axon; dendritic spine; presynaptic active zone; regulation of dendritic spine development
TMEM11	transmembrane protein 11	other	chr17	-	16223	3	0.161	0hr->6hr	alt 3'ss (A3SS),alt 5'ss (A5SS)	0	7	""
DIS3	DIS3 homolog, exosome endoribonuclease and 3'-5' exoribonuclease	other	chr13	-	29928	1	0.16	1hr->6hr	alt 5'ss (A5SS)	0	20	""
GGCX	gamma-glutamyl carboxylase	other	chr2	-	16813	1	0.16	0hr->6hr	alt 5'ss (A5SS)	0	8	""
ILF3	interleukin enhancer binding factor 3	other	chr19	+	38123	2	0.16	0hr->6hr	alt 3'ss (A3SS)	0	20	""
LEMD1-AS1	LEMD1 antisense RNA 1	other	chr1	+	14208	1	0.16	0hr->6hr	alt 3'ss (A3SS)	0	0	""
MYH10	myosin heavy chain 10	other	chr17	-	157170	2	0.16	1hr->6hr	alt 5'ss (A5SS)	0	30	""
UCHL5	ubiquitin C-terminal hydrolase L5	other	chr1	-	47844	1	0.16	0hr->6hr	alt 5'ss (A5SS)	0	33	""
CEP70	centrosomal protein 70	other	chr3	-	100195	1	0.159	1hr->6hr	alt 3'ss (A3SS)	0	7	""
ENSG00000277701		other	chr2	+	10494	1	0.159	0hr->6hr	alt 5'ss (A5SS)	0	0	""
G3BP2	G3BP stress granule assembly factor 2	other	chr4	-	82741	1	0.159	0hr->1hr	alt 3'ss (A3SS)	0	15	""
GLCE	glucuronic acid epimerase	other	chr15	+	111715	1	0.159	0hr->6hr	alt 3'ss (A3SS)	0	9	""
NASP	nuclear autoantigenic sperm protein	other	chr1	+	35059	1	0.159	1hr->6hr	alt 5'ss (A5SS)	0	16	""
NFXL1	nuclear transcription factor, X-box binding like 1	other	chr4	-	67435	1	0.159	0hr->6hr	alt 5'ss (A5SS)	0	9	""
RUNDC3A-AS1	RUNDC3A antisense RNA 1	other	chr17	-	15742	1	0.159	0hr->6hr	alt 5'ss (A5SS)	0	2	""
KIAA1586	KIAA1586	other	chr6	+	9377	2	0.158	0hr->1hr,0hr->6hr	alt 5'ss (A5SS)	0	2	""
LEMD1	LEM domain containing 1	other	chr1	-	75737	1	0.158	0hr->6hr	alt 3'ss (A3SS)	0	2	""
CARS1	cysteinyl-tRNA synthetase 1	other	chr11	-	56692	1	0.157	0hr->6hr	alt 5'ss (A5SS)	0	9	""
CCSER2	coiled-coil serine rich protein 2	other	chr10	+	189953	1	0.157	0hr->6hr	alt 5'ss (A5SS)	0	4	""
HNRNPH3	heterogeneous nuclear ribonucleoprotein H3	other	chr10	+	12020	1	0.157	1hr->6hr	alt 5'ss (A5SS)	0	11	""
MED27	mediator complex subunit 27	other	chr9	-	226966	1	0.157	0hr->6hr	alt 3'ss (A3SS)	0	18	""
NUTM2A-AS1	NUTM2A antisense RNA 1	other	chr10	-	152877	1	0.157	0hr->6hr	alt 3'ss (A3SS)	0	0	""
RFX3	regulatory factor X3	other	chr9	-	307730	1	0.157	1hr->6hr	alt 3'ss (A3SS)	0	25	""
SMYD3	SET and MYND domain containing 3	other	chr1	-	758001	1	0.157	0hr->6hr	alt 3'ss (A3SS)	0	17	""
SUPV3L1	Suv3 like RNA helicase	other	chr10	+	28866	1	0.157	1hr->6hr	alt 3'ss (A3SS)	0	28	""
SYT1	synaptotagmin 1	neuronal	chr12	+	588016	1	0.157	0hr->1hr	alt 5'ss (A5SS)	22	64	axon; calcium ion-regulated exocytosis of neurotransmitter; calcium-dependent activation of synaptic vesicle fusion; chemical synaptic transmission
DEF8	differentially expressed in FDCP 8 homolog	other	chr16	+	19364	1	0.156	0hr->6hr	alt 3'ss (A3SS)	0	4	""
LARP7	La ribonucleoprotein 7, transcriptional regulator	other	chr4	+	20620	1	0.156	0hr->6hr	alt 3'ss (A3SS)	0	22	""
OTUB1	OTU deubiquitinase, ubiquitin aldehyde binding 1	other	chr11	+	15959	1	0.156	0hr->6hr	alt 3'ss (A3SS)	0	15	""
PDCD10	programmed cell death 10	other	chr3	-	51643	1	0.156	1hr->6hr	alt 3'ss (A3SS)	0	35	""
SEMA6D	semaphorin 6D	neuronal (weak annotation)	chr15	+	590242	2	0.156	1hr->6hr	alt 3'ss (A3SS)	3	16	axon guidance; negative regulation of axon extension involved in axon guidance; neural crest cell migration
THYN1	thymocyte nuclear protein 1	other	chr11	-	5129	1	0.156	1hr->6hr	alt 3'ss (A3SS)	0	1	""
CEPT1	choline/ethanolamine phosphotransferase 1	other	chr1	+	45745	1	0.155	0hr->6hr	alt 5'ss (A5SS)	0	12	""
FBXO42	F-box protein 42	other	chr1	-	105641	2	0.155	0hr->6hr	alt 5'ss (A5SS)	0	3	""
SLC35E3	solute carrier family 35 member E3	other	chr12	+	47840	1	0.155	1hr->6hr	alt 3'ss (A3SS)	0	8	""
ZFAND6	zinc finger AN1-type containing 6	other	chr15	+	78826	1	0.155	0hr->6hr	alt 5'ss (A5SS)	0	12	""
ACIN1	apoptotic chromatin condensation inducer 1	other	chr14	-	37051	1	0.154	0hr->6hr	alt 3'ss (A3SS)	0	16	""
CD200	CD200 molecule	neuronal	chr3	+	30466	1	0.154	0hr->6hr	alt 3'ss (A3SS)	4	30	axon; negative regulation of neuron death; neuron projection; neuronal cell body
CFAP410	cilia and flagella associated protein 410	other	chr21	-	10468	2	0.154	0hr->6hr	alt 3'ss (A3SS)	0	15	""
ENSG00000240401		other	chr2	+	94685	2	0.154	0hr->1hr,0hr->6hr	alt 3'ss (A3SS),alt 5'ss (A5SS)	0	0	""
MARCHF7	membrane associated ring-CH-type finger 7	other	chr2	+	58607	1	0.154	1hr->6hr	alt 5'ss (A5SS)	0	20	""
NAV1	neuron navigator 1	neuronal (weak annotation)	chr1	+	287849	2	0.154	1hr->6hr	alt 3'ss (A3SS)	2	7	axon initial segment; neuron migration
PPP2R2D	protein phosphatase 2 regulatory subunit Bdelta	other	chr10	+	58880	1	0.154	0hr->6hr	alt 5'ss (A5SS)	0	8	""
TMX3	thioredoxin related transmembrane protein 3	other	chr18	-	41492	1	0.154	0hr->6hr	alt 5'ss (A5SS)	0	10	""
VPS53	VPS53 subunit of GARP complex	other	chr17	-	213215	1	0.154	0hr->6hr	alt 3'ss (A3SS)	0	15	""
BTBD10	BTB domain containing 10	neuronal (weak annotation)	chr11	-	75290	1	0.153	0hr->6hr	alt 3'ss (A3SS)	1	7	negative regulation of neuron death
DICER1	dicer 1, ribonuclease III	neuronal (weak annotation)	chr14	-	71783	1	0.153	0hr->6hr	alt 5'ss (A5SS)	2	40	nerve development; neuron projection morphogenesis
ERCC6L2-AS1	ERCC6L2 antisense RNA 1	other	chr9	-	116819	1	0.153	1hr->6hr	alt 3'ss (A3SS)	0	0	""
PDE4DIP	phosphodiesterase 4D interacting protein	other	chr1	+	240147	1	0.153	1hr->6hr	alt 5'ss (A5SS)	0	12	""
ARID5B	AT-rich interaction domain 5B	other	chr10	+	195874	1	0.152	0hr->1hr	alt 5'ss (A5SS)	0	30	""
DOP1A	DOP1 leucine zipper like protein A	other	chr6	+	103685	1	0.152	1hr->6hr	alt 3'ss (A3SS)	0	6	""
FGF9	fibroblast growth factor 9	other	chr13	+	33426	1	0.152	1hr->6hr	alt 5'ss (A5SS)	0	53	""
RBM4	RNA binding motif protein 4	other	chr11	+	29708	1	0.152	0hr->6hr	alt 3'ss (A3SS)	0	37	""
SLC25A35	solute carrier family 25 member 35	other	chr17	-	7638	1	0.152	1hr->6hr	alt 5'ss (A5SS)	0	2	""
ST7	suppression of tumorigenicity 7	other	chr7	+	276939	1	0.152	0hr->6hr	alt 3'ss (A3SS)	0	3	""
ATP2C1	ATPase secretory pathway Ca2+ transporting 1	other	chr3	+	166118	1	0.151	0hr->1hr	alt 5'ss (A5SS)	0	30	""
CAMK2G	calcium/calmodulin dependent protein kinase II gamma	neuronal (weak annotation)	chr10	-	62115	1	0.151	1hr->6hr	alt 5'ss (A5SS)	2	23	neuron projection; regulation of neuron projection development
CXXC4	CXXC finger protein 4	other	chr4	-	26723	1	0.151	0hr->6hr	alt 5'ss (A5SS)	0	9	""
NDUFAF1	NADH:ubiquinone oxidoreductase complex assembly factor 1	other	chr15	-	22186	1	0.151	0hr->6hr	alt 5'ss (A5SS)	0	12	""
TPM3	tropomyosin 3	other	chr1	-	39341	1	0.151	0hr->6hr	alt 3'ss (A3SS)	0	12	""
TRMU	tRNA mitochondrial 2-thiouridylase	other	chr22	+	26466	1	0.151	0hr->6hr	alt 3'ss (A3SS)	0	5	""
TXNL4A	thioredoxin like 4A	other	chr18	-	63137	1	0.15	0hr->6hr	alt 3'ss (A3SS)	0	14	""
