gene	dp10	dp20	dp30	dp50
AASDH	TRUE	TRUE	TRUE	FALSE
ABCA7	TRUE	TRUE	FALSE	FALSE
ABCD4	TRUE	FALSE	FALSE	FALSE
ABHD12	TRUE	TRUE	FALSE	FALSE
ABHD16A	TRUE	TRUE	TRUE	TRUE
ACAA1	TRUE	TRUE	TRUE	FALSE
ACADM	TRUE	TRUE	TRUE	FALSE
ACAT2	TRUE	TRUE	TRUE	TRUE
ACOT13	FALSE	FALSE	FALSE	TRUE
ACTB	TRUE	TRUE	TRUE	TRUE
ADAL	TRUE	FALSE	FALSE	FALSE
ADAM22	TRUE	TRUE	TRUE	TRUE
ADGRL3	TRUE	TRUE	TRUE	TRUE
ADK	TRUE	TRUE	TRUE	FALSE
AFF3	TRUE	TRUE	FALSE	FALSE
AFG3L2	TRUE	TRUE	FALSE	FALSE
AGL	TRUE	TRUE	TRUE	FALSE
AGPS	TRUE	TRUE	TRUE	TRUE
AHI1	TRUE	TRUE	TRUE	TRUE
AIG1	TRUE	TRUE	TRUE	TRUE
AIMP1	TRUE	TRUE	TRUE	FALSE
AKAP1	TRUE	TRUE	TRUE	TRUE
AKAP11	TRUE	TRUE	FALSE	FALSE
AKAP12	TRUE	TRUE	FALSE	FALSE
AKAP9	TRUE	TRUE	TRUE	FALSE
ALDH3A2	TRUE	TRUE	TRUE	TRUE
ALMS1	TRUE	FALSE	FALSE	FALSE
AMZ2	TRUE	TRUE	FALSE	FALSE
ANK3	TRUE	TRUE	TRUE	FALSE
ANKRD10	TRUE	TRUE	TRUE	TRUE
ANKRD17	TRUE	TRUE	TRUE	TRUE
ANKRD26	TRUE	TRUE	TRUE	TRUE
ANKRD36	TRUE	TRUE	TRUE	TRUE
ANKRD36B	TRUE	TRUE	TRUE	TRUE
ANKRD36C	TRUE	TRUE	TRUE	FALSE
ANKRD50	TRUE	TRUE	TRUE	TRUE
ANXA2	TRUE	TRUE	FALSE	FALSE
ANXA5	TRUE	TRUE	FALSE	FALSE
ANXA6	TRUE	TRUE	TRUE	FALSE
AP1G1	TRUE	TRUE	TRUE	TRUE
AP2A2	TRUE	TRUE	TRUE	FALSE
AP2B1	TRUE	TRUE	TRUE	FALSE
APC	TRUE	TRUE	TRUE	FALSE
APEX1	TRUE	TRUE	TRUE	TRUE
APLP2	TRUE	TRUE	TRUE	TRUE
APMAP	TRUE	TRUE	TRUE	FALSE
APP	TRUE	TRUE	TRUE	TRUE
ARCN1	TRUE	TRUE	TRUE	FALSE
ARF1	TRUE	TRUE	TRUE	TRUE
ARFGAP2	FALSE	FALSE	FALSE	TRUE
ARFGAP3	TRUE	TRUE	TRUE	TRUE
ARHGAP12	TRUE	TRUE	TRUE	TRUE
ARHGEF40	TRUE	FALSE	FALSE	FALSE
ARRDC1-AS1	TRUE	FALSE	FALSE	FALSE
ASAH1	TRUE	TRUE	TRUE	TRUE
ASB3	TRUE	TRUE	TRUE	FALSE
ASRGL1	TRUE	TRUE	TRUE	TRUE
ASXL3	TRUE	TRUE	TRUE	FALSE
ATAD1	TRUE	TRUE	TRUE	TRUE
ATL1	TRUE	TRUE	TRUE	TRUE
ATP2C1	TRUE	TRUE	FALSE	FALSE
ATP5MC1	TRUE	TRUE	TRUE	TRUE
ATP5MG	TRUE	TRUE	TRUE	TRUE
ATP5MJ	TRUE	TRUE	TRUE	TRUE
ATP6V0A1	TRUE	TRUE	FALSE	FALSE
ATP8A2	FALSE	FALSE	FALSE	TRUE
ATP9B	TRUE	TRUE	TRUE	FALSE
AZIN1	TRUE	TRUE	TRUE	TRUE
B3GALNT1	FALSE	TRUE	FALSE	FALSE
B4GALNT1	TRUE	TRUE	TRUE	FALSE
BACH1	TRUE	TRUE	TRUE	TRUE
BIN1	FALSE	TRUE	FALSE	FALSE
BNIP3L	TRUE	TRUE	TRUE	FALSE
BRD2	TRUE	TRUE	TRUE	FALSE
BRD3	TRUE	TRUE	FALSE	FALSE
BRSK2	TRUE	FALSE	FALSE	FALSE
BUB3	FALSE	FALSE	FALSE	TRUE
C11orf58	TRUE	TRUE	TRUE	TRUE
C12orf57	TRUE	TRUE	FALSE	FALSE
C1orf43	TRUE	TRUE	TRUE	TRUE
C20orf96	TRUE	TRUE	TRUE	TRUE
C9orf72	TRUE	TRUE	TRUE	TRUE
CACNA1E	TRUE	TRUE	TRUE	TRUE
CADM4	TRUE	TRUE	FALSE	FALSE
CALD1	TRUE	TRUE	FALSE	FALSE
CALU	FALSE	FALSE	FALSE	TRUE
CAMK2B	TRUE	TRUE	TRUE	FALSE
CANX	TRUE	TRUE	FALSE	FALSE
CAP2	TRUE	TRUE	FALSE	FALSE
CAPN7	TRUE	TRUE	TRUE	FALSE
CAPNS1	TRUE	TRUE	FALSE	FALSE
CAPRIN2	TRUE	TRUE	TRUE	TRUE
CARS1	TRUE	TRUE	TRUE	TRUE
CASP3	TRUE	FALSE	FALSE	FALSE
CCAR1	TRUE	TRUE	TRUE	FALSE
CCDC107	TRUE	TRUE	TRUE	TRUE
CCDC186	TRUE	TRUE	TRUE	FALSE
CCDC82	TRUE	TRUE	TRUE	TRUE
CCDC90B	TRUE	TRUE	TRUE	TRUE
CCNH	TRUE	TRUE	TRUE	TRUE
CCNL2	TRUE	TRUE	TRUE	TRUE
CCSER2	TRUE	TRUE	TRUE	TRUE
CCT3	TRUE	TRUE	TRUE	TRUE
CD46	TRUE	TRUE	TRUE	TRUE
CD9	TRUE	TRUE	TRUE	TRUE
CDC16	TRUE	TRUE	TRUE	TRUE
CDC34	TRUE	TRUE	TRUE	FALSE
CDH2	TRUE	TRUE	TRUE	FALSE
CDIN1	FALSE	TRUE	FALSE	FALSE
CDKL2	TRUE	TRUE	TRUE	FALSE
CELF1	TRUE	TRUE	FALSE	FALSE
CENPX	TRUE	TRUE	FALSE	FALSE
CEP170	TRUE	TRUE	TRUE	TRUE
CEP350	TRUE	FALSE	FALSE	FALSE
CEP78	TRUE	FALSE	FALSE	FALSE
CEP85L	TRUE	FALSE	FALSE	FALSE
CETN3	TRUE	TRUE	FALSE	FALSE
CFAP410	TRUE	TRUE	FALSE	FALSE
CHD1	TRUE	TRUE	TRUE	TRUE
CHD1L	TRUE	FALSE	FALSE	FALSE
CHD2	TRUE	TRUE	TRUE	TRUE
CHD3	FALSE	FALSE	TRUE	FALSE
CHD9	TRUE	TRUE	TRUE	TRUE
CHMP2B	TRUE	TRUE	TRUE	TRUE
CHORDC1	TRUE	TRUE	TRUE	TRUE
CHPT1	FALSE	FALSE	TRUE	FALSE
CHST8	TRUE	TRUE	TRUE	FALSE
CHTOP	TRUE	TRUE	TRUE	FALSE
CIBAR1	TRUE	TRUE	TRUE	TRUE
CISD2	TRUE	TRUE	FALSE	FALSE
CLIP1	TRUE	TRUE	TRUE	FALSE
CLSTN3	TRUE	TRUE	FALSE	FALSE
CMC2	TRUE	TRUE	TRUE	TRUE
CMPK1	TRUE	TRUE	TRUE	TRUE
CNBP	TRUE	TRUE	TRUE	TRUE
CNDP2	TRUE	TRUE	FALSE	FALSE
CNIH1	TRUE	TRUE	TRUE	TRUE
CNOT1	TRUE	TRUE	TRUE	TRUE
CNPPD1	TRUE	FALSE	FALSE	FALSE
CNTN1	TRUE	TRUE	TRUE	FALSE
CNTN4	TRUE	FALSE	FALSE	FALSE
COCH	TRUE	TRUE	TRUE	TRUE
COG4	TRUE	FALSE	FALSE	FALSE
COL6A1	TRUE	TRUE	FALSE	FALSE
COMMD1	TRUE	TRUE	TRUE	TRUE
COPA	TRUE	TRUE	FALSE	FALSE
COPB1	TRUE	TRUE	TRUE	TRUE
COPS2	TRUE	FALSE	FALSE	TRUE
COQ4	FALSE	FALSE	TRUE	FALSE
CPSF6	TRUE	TRUE	TRUE	TRUE
CRMP1	TRUE	TRUE	TRUE	TRUE
CROCCP2	FALSE	FALSE	FALSE	TRUE
CROT	TRUE	TRUE	TRUE	FALSE
CSGALNACT2	TRUE	TRUE	TRUE	FALSE
CSNK2B	TRUE	TRUE	TRUE	TRUE
CST3	TRUE	TRUE	TRUE	TRUE
CTSB	TRUE	TRUE	TRUE	TRUE
CUL2	TRUE	TRUE	TRUE	TRUE
CUTA	TRUE	TRUE	TRUE	TRUE
CWC22	TRUE	TRUE	FALSE	FALSE
CYB5R3	TRUE	TRUE	TRUE	FALSE
CYBA	TRUE	TRUE	TRUE	TRUE
CYRIB	TRUE	TRUE	TRUE	TRUE
CYTOR	TRUE	TRUE	TRUE	TRUE
DARS1	FALSE	FALSE	TRUE	FALSE
DCAF1	TRUE	FALSE	FALSE	FALSE
DCAF13	TRUE	TRUE	TRUE	TRUE
DCBLD2	TRUE	TRUE	TRUE	TRUE
DCLK1	TRUE	TRUE	FALSE	FALSE
DCTN2	TRUE	FALSE	FALSE	FALSE
DCXR	FALSE	FALSE	TRUE	FALSE
DDA1	TRUE	TRUE	FALSE	FALSE
DDHD2	TRUE	TRUE	FALSE	FALSE
DDIT3	TRUE	TRUE	FALSE	FALSE
DDX1	TRUE	TRUE	TRUE	TRUE
DDX17	TRUE	TRUE	TRUE	TRUE
DDX42	FALSE	FALSE	TRUE	FALSE
DDX52	TRUE	TRUE	TRUE	TRUE
DEK	TRUE	TRUE	TRUE	TRUE
DGKD	TRUE	TRUE	FALSE	FALSE
DHX36	TRUE	TRUE	TRUE	TRUE
DICER1	TRUE	TRUE	FALSE	FALSE
DIS3	TRUE	TRUE	TRUE	FALSE
DLG1	TRUE	TRUE	FALSE	FALSE
DLX6-AS1	TRUE	FALSE	FALSE	FALSE
DMPK	TRUE	FALSE	FALSE	FALSE
DMXL2	TRUE	TRUE	TRUE	TRUE
DNAJB11	TRUE	TRUE	TRUE	TRUE
DNM1	TRUE	TRUE	FALSE	FALSE
DNM1L	TRUE	TRUE	TRUE	FALSE
DNTTIP1	TRUE	FALSE	FALSE	FALSE
DNTTIP2	TRUE	TRUE	TRUE	TRUE
DPAGT1	TRUE	TRUE	FALSE	FALSE
DPCD	TRUE	TRUE	TRUE	TRUE
DPP7	TRUE	TRUE	TRUE	TRUE
DST	TRUE	TRUE	TRUE	TRUE
DSTN	TRUE	TRUE	TRUE	TRUE
DTD1	TRUE	TRUE	TRUE	TRUE
DYNC1H1	TRUE	TRUE	TRUE	FALSE
DYNC2LI1	FALSE	FALSE	TRUE	FALSE
DYNLL1	TRUE	TRUE	TRUE	TRUE
EBNA1BP2	TRUE	TRUE	TRUE	FALSE
ECI2	TRUE	TRUE	TRUE	FALSE
EDEM3	FALSE	FALSE	TRUE	TRUE
EGLN2	TRUE	FALSE	FALSE	FALSE
EHBP1	TRUE	TRUE	TRUE	TRUE
EHD1	TRUE	FALSE	FALSE	FALSE
EHMT1	FALSE	FALSE	TRUE	TRUE
EIF1	TRUE	TRUE	TRUE	TRUE
EIF2AK1	TRUE	TRUE	TRUE	TRUE
EIF2B5	TRUE	FALSE	FALSE	FALSE
EIF3F	TRUE	TRUE	TRUE	TRUE
EIF3G	TRUE	TRUE	TRUE	TRUE
EIF3I	TRUE	TRUE	TRUE	TRUE
EIF4E2	TRUE	TRUE	TRUE	FALSE
EIF4G1	TRUE	TRUE	TRUE	FALSE
EIF4G3	TRUE	FALSE	FALSE	FALSE
EIF5A	TRUE	TRUE	TRUE	TRUE
EIF6	TRUE	TRUE	TRUE	TRUE
EIPR1	FALSE	TRUE	FALSE	FALSE
ELAC2	TRUE	TRUE	FALSE	FALSE
ELAVL2	TRUE	TRUE	TRUE	TRUE
ELAVL4	TRUE	TRUE	TRUE	TRUE
ELF2	TRUE	TRUE	TRUE	FALSE
ELP2	TRUE	FALSE	FALSE	FALSE
EMSY	TRUE	TRUE	TRUE	TRUE
ENO2	TRUE	TRUE	TRUE	TRUE
ENSG00000284707	TRUE	TRUE	TRUE	TRUE
ENSG00000290993	TRUE	TRUE	TRUE	TRUE
ENSG00000291073	TRUE	TRUE	TRUE	TRUE
ENSG00000291075	TRUE	TRUE	FALSE	FALSE
ENSG00000291078	TRUE	FALSE	FALSE	FALSE
ENSG00000291100	TRUE	TRUE	TRUE	TRUE
ENSG00000291207	TRUE	TRUE	FALSE	FALSE
ENY2	TRUE	TRUE	FALSE	FALSE
EPB41L5	TRUE	TRUE	TRUE	TRUE
ERCC5	TRUE	TRUE	TRUE	FALSE
ERCC6L2-AS1	TRUE	TRUE	FALSE	FALSE
ERP29	TRUE	TRUE	TRUE	TRUE
ETNK1	TRUE	TRUE	TRUE	TRUE
EXOC1	TRUE	TRUE	TRUE	FALSE
EXTL3	TRUE	TRUE	FALSE	FALSE
FAAP20	TRUE	TRUE	TRUE	TRUE
FAM104A	TRUE	TRUE	TRUE	FALSE
FAM200B	TRUE	TRUE	TRUE	TRUE
FAM241B	TRUE	TRUE	TRUE	TRUE
FAM27C	TRUE	TRUE	TRUE	TRUE
FBXL5	TRUE	TRUE	TRUE	TRUE
FBXO25	FALSE	FALSE	TRUE	FALSE
FBXO7	TRUE	TRUE	FALSE	FALSE
FCF1	TRUE	TRUE	TRUE	FALSE
FCHSD2	TRUE	TRUE	FALSE	FALSE
FDFT1	TRUE	TRUE	TRUE	TRUE
FERMT2	TRUE	TRUE	TRUE	TRUE
FGD4	TRUE	TRUE	FALSE	FALSE
FIP1L1	TRUE	TRUE	TRUE	FALSE
FKBP1A	TRUE	TRUE	TRUE	TRUE
FLOT1	FALSE	FALSE	FALSE	TRUE
FMN1	TRUE	FALSE	FALSE	FALSE
FNDC3A	TRUE	TRUE	TRUE	TRUE
FNDC5	TRUE	TRUE	TRUE	FALSE
FNTA	TRUE	TRUE	TRUE	FALSE
GAA	TRUE	TRUE	FALSE	FALSE
GABARAPL1	TRUE	TRUE	TRUE	FALSE
GABRG2	TRUE	TRUE	TRUE	FALSE
GAD1	TRUE	TRUE	FALSE	FALSE
GAK	TRUE	TRUE	TRUE	FALSE
GALNT8	TRUE	TRUE	TRUE	TRUE
GAPVD1	TRUE	TRUE	FALSE	FALSE
GARRE1	TRUE	TRUE	TRUE	TRUE
GDAP1	TRUE	TRUE	TRUE	TRUE
GFM1	TRUE	TRUE	TRUE	TRUE
GFM2	TRUE	TRUE	FALSE	FALSE
GGCT	TRUE	TRUE	TRUE	TRUE
GHITM	TRUE	TRUE	TRUE	TRUE
GIGYF2	TRUE	TRUE	TRUE	FALSE
GLG1	FALSE	FALSE	FALSE	TRUE
GLOD4	TRUE	TRUE	TRUE	TRUE
GLT8D1	TRUE	FALSE	TRUE	TRUE
GMFB	TRUE	TRUE	TRUE	FALSE
GNAI1	TRUE	TRUE	TRUE	FALSE
GNAI2	TRUE	TRUE	TRUE	FALSE
GNAS	TRUE	TRUE	TRUE	TRUE
GNG8	TRUE	TRUE	TRUE	TRUE
GNL3	TRUE	TRUE	TRUE	TRUE
GOLGA8B	TRUE	TRUE	TRUE	FALSE
GOLT1B	TRUE	TRUE	TRUE	TRUE
GP6-AS1	TRUE	FALSE	FALSE	FALSE
GPM6A	TRUE	TRUE	TRUE	TRUE
GRIA2	TRUE	FALSE	FALSE	FALSE
GTF2IRD1	TRUE	TRUE	FALSE	FALSE
GTF3A	TRUE	TRUE	TRUE	TRUE
H2AZ2	FALSE	FALSE	TRUE	FALSE
HACD3	TRUE	TRUE	TRUE	TRUE
HBS1L	TRUE	TRUE	FALSE	FALSE
HIKESHI	TRUE	TRUE	TRUE	TRUE
HLA-A	TRUE	TRUE	TRUE	TRUE
HLA-B	TRUE	TRUE	TRUE	FALSE
HLA-C	TRUE	TRUE	TRUE	TRUE
HMGN1	TRUE	TRUE	TRUE	TRUE
HNRNPA2B1	TRUE	TRUE	TRUE	TRUE
HNRNPH3	TRUE	TRUE	TRUE	TRUE
HNRNPK	TRUE	TRUE	TRUE	TRUE
HNRNPL	TRUE	TRUE	TRUE	TRUE
HNRNPU	TRUE	TRUE	TRUE	TRUE
HOTAIRM1	TRUE	TRUE	TRUE	TRUE
HPS4	TRUE	TRUE	FALSE	FALSE
HS2ST1	TRUE	TRUE	TRUE	FALSE
HSD17B4	TRUE	TRUE	FALSE	FALSE
HSF2	TRUE	FALSE	FALSE	FALSE
HSP90B1	TRUE	TRUE	TRUE	TRUE
HSPA9	TRUE	TRUE	TRUE	TRUE
HSPD1	TRUE	TRUE	TRUE	TRUE
HSPH1	TRUE	TRUE	TRUE	TRUE
HYOU1	TRUE	TRUE	TRUE	TRUE
IARS1	TRUE	TRUE	TRUE	TRUE
IFNAR2	TRUE	TRUE	FALSE	FALSE
IFRD1	TRUE	TRUE	TRUE	TRUE
IFT22	TRUE	TRUE	TRUE	FALSE
IFT57	TRUE	TRUE	TRUE	TRUE
IGSF8	TRUE	FALSE	FALSE	FALSE
ILK	TRUE	TRUE	TRUE	FALSE
ILVBL	TRUE	TRUE	TRUE	FALSE
IMMT	TRUE	TRUE	TRUE	TRUE
ING3	TRUE	TRUE	TRUE	FALSE
INPP1	FALSE	FALSE	FALSE	TRUE
INPP5F	TRUE	TRUE	TRUE	FALSE
IRAK1BP1	TRUE	TRUE	TRUE	FALSE
ISYNA1	TRUE	TRUE	TRUE	FALSE
ITGB1	TRUE	TRUE	TRUE	TRUE
IVNS1ABP	TRUE	FALSE	FALSE	FALSE
JKAMP	TRUE	TRUE	TRUE	FALSE
JMJD1C	TRUE	TRUE	TRUE	TRUE
KANSL1	TRUE	TRUE	TRUE	TRUE
KC6	TRUE	FALSE	FALSE	FALSE
KCNB2	TRUE	TRUE	TRUE	TRUE
KDM4B	TRUE	TRUE	TRUE	FALSE
KDM5B	TRUE	TRUE	TRUE	FALSE
KIAA0408	TRUE	TRUE	TRUE	TRUE
KIDINS220	TRUE	TRUE	TRUE	FALSE
KIF1B	TRUE	TRUE	TRUE	TRUE
KIF21A	TRUE	TRUE	TRUE	FALSE
KIF2A	TRUE	TRUE	TRUE	TRUE
KIFBP	TRUE	FALSE	FALSE	FALSE
KPNA2	TRUE	TRUE	TRUE	TRUE
KRT8	TRUE	TRUE	TRUE	TRUE
KTN1	TRUE	TRUE	TRUE	TRUE
LAMTOR1	TRUE	TRUE	TRUE	TRUE
LAMTOR4	TRUE	TRUE	TRUE	TRUE
LARP1B	TRUE	TRUE	TRUE	TRUE
LARS1	TRUE	TRUE	TRUE	TRUE
LBR	TRUE	FALSE	FALSE	FALSE
LEPROT	TRUE	TRUE	TRUE	TRUE
LIG1	TRUE	FALSE	FALSE	FALSE
LINC00205	TRUE	TRUE	FALSE	FALSE
LINC00888	TRUE	TRUE	TRUE	FALSE
LINC03000	TRUE	TRUE	TRUE	FALSE
LINC03011	TRUE	TRUE	FALSE	FALSE
LINS1	TRUE	TRUE	TRUE	FALSE
LMBRD1	TRUE	TRUE	TRUE	TRUE
LRPPRC	TRUE	TRUE	TRUE	TRUE
LRRFIP2	TRUE	TRUE	TRUE	FALSE
LSG1	TRUE	TRUE	TRUE	FALSE
LSM1	TRUE	TRUE	FALSE	FALSE
LSM5	TRUE	TRUE	TRUE	TRUE
LUC7L3	TRUE	TRUE	TRUE	TRUE
LUZP1	TRUE	TRUE	FALSE	FALSE
LY6E	TRUE	TRUE	TRUE	TRUE
LYRM2	TRUE	TRUE	TRUE	FALSE
LZIC	TRUE	TRUE	TRUE	TRUE
LZTR1	TRUE	TRUE	TRUE	FALSE
MACF1	TRUE	TRUE	FALSE	FALSE
MACROH2A1	TRUE	TRUE	TRUE	TRUE
MADD	TRUE	TRUE	TRUE	FALSE
MAEA	TRUE	TRUE	TRUE	FALSE
MAGOHB	FALSE	FALSE	TRUE	FALSE
MAIP1	TRUE	TRUE	TRUE	FALSE
MALAT1	TRUE	TRUE	TRUE	TRUE
MAP1B	TRUE	TRUE	TRUE	TRUE
MAP2	TRUE	TRUE	FALSE	FALSE
MAP2K4	TRUE	FALSE	FALSE	FALSE
MAP4K3-DT	FALSE	FALSE	TRUE	FALSE
MAPT	TRUE	TRUE	TRUE	TRUE
MARCHF7	TRUE	TRUE	TRUE	TRUE
MBP	TRUE	TRUE	FALSE	FALSE
MCPH1	TRUE	TRUE	TRUE	TRUE
MDM2	TRUE	TRUE	TRUE	FALSE
MEAF6	TRUE	TRUE	TRUE	TRUE
MED24	TRUE	TRUE	FALSE	FALSE
MEG3	TRUE	TRUE	TRUE	TRUE
METTL16	TRUE	FALSE	FALSE	FALSE
METTL8	TRUE	TRUE	TRUE	FALSE
MGA	TRUE	TRUE	FALSE	FALSE
MIA2	TRUE	TRUE	TRUE	TRUE
MIAT	TRUE	TRUE	TRUE	FALSE
MICU2	TRUE	TRUE	TRUE	TRUE
MIX23	TRUE	TRUE	TRUE	FALSE
MLF2	TRUE	TRUE	TRUE	TRUE
MLLT10	TRUE	TRUE	FALSE	FALSE
MORF4L1	TRUE	TRUE	TRUE	TRUE
MPPE1	TRUE	FALSE	FALSE	FALSE
MRPL17	TRUE	TRUE	TRUE	TRUE
MRPL18	TRUE	TRUE	TRUE	TRUE
MRPL28	TRUE	TRUE	TRUE	TRUE
MRPL39	TRUE	TRUE	TRUE	FALSE
MRPL43	TRUE	TRUE	TRUE	TRUE
MRPS21	TRUE	TRUE	TRUE	TRUE
MRPS34	TRUE	TRUE	TRUE	TRUE
MSH3	FALSE	FALSE	FALSE	TRUE
MTHFS	TRUE	TRUE	TRUE	FALSE
MTIF3	TRUE	TRUE	TRUE	TRUE
MTMR2	TRUE	TRUE	FALSE	FALSE
MTMR6	TRUE	TRUE	TRUE	TRUE
MTOR	TRUE	TRUE	FALSE	FALSE
MVD	TRUE	TRUE	TRUE	FALSE
MYO1B	TRUE	FALSE	FALSE	FALSE
MYO5A	TRUE	TRUE	TRUE	FALSE
MYO9A	TRUE	TRUE	FALSE	FALSE
MYT1L	TRUE	TRUE	TRUE	TRUE
NAA16	TRUE	FALSE	FALSE	FALSE
NAA38	TRUE	TRUE	TRUE	TRUE
NAP1L1	TRUE	TRUE	TRUE	TRUE
NASP	TRUE	TRUE	FALSE	FALSE
NAXE	TRUE	TRUE	TRUE	TRUE
NBEAL1	TRUE	TRUE	TRUE	TRUE
NCS1	TRUE	TRUE	TRUE	FALSE
NDFIP2	TRUE	TRUE	TRUE	TRUE
NDUFA2	TRUE	TRUE	TRUE	TRUE
NELFCD	TRUE	TRUE	TRUE	FALSE
NEO1	TRUE	TRUE	TRUE	TRUE
NIPSNAP3A	TRUE	TRUE	TRUE	TRUE
NIT1	TRUE	TRUE	FALSE	FALSE
NKAIN4	TRUE	TRUE	TRUE	TRUE
NKAPD1	TRUE	TRUE	TRUE	FALSE
NKTR	TRUE	TRUE	TRUE	TRUE
NLN	TRUE	TRUE	FALSE	FALSE
NLRP1	TRUE	TRUE	TRUE	FALSE
NME7	TRUE	TRUE	TRUE	FALSE
NNT	TRUE	TRUE	TRUE	FALSE
NOL8	TRUE	FALSE	FALSE	FALSE
NOP58	TRUE	TRUE	TRUE	FALSE
NQO1	TRUE	FALSE	FALSE	FALSE
NR4A1	TRUE	TRUE	TRUE	TRUE
NRCAM	TRUE	TRUE	TRUE	TRUE
NSFL1C	TRUE	TRUE	TRUE	FALSE
NSUN6	TRUE	TRUE	FALSE	FALSE
NUB1	TRUE	TRUE	TRUE	FALSE
NUBP1	TRUE	TRUE	FALSE	FALSE
NUCB1	TRUE	TRUE	TRUE	TRUE
NUCB2	TRUE	TRUE	TRUE	TRUE
NUP42	TRUE	TRUE	TRUE	FALSE
NUP54	TRUE	TRUE	FALSE	FALSE
NUP88	TRUE	TRUE	TRUE	FALSE
NUTM2A-AS1	TRUE	TRUE	TRUE	TRUE
OCIAD1	TRUE	TRUE	TRUE	TRUE
ODF2L	TRUE	TRUE	TRUE	TRUE
OIP5-AS1	TRUE	TRUE	TRUE	TRUE
OPA1	TRUE	FALSE	FALSE	TRUE
OPTN	TRUE	TRUE	TRUE	TRUE
ORC4	TRUE	TRUE	TRUE	FALSE
OTUD6B	TRUE	TRUE	TRUE	FALSE
PABPC1	TRUE	TRUE	TRUE	TRUE
PABPN1	TRUE	TRUE	TRUE	TRUE
PACSIN2	FALSE	FALSE	TRUE	FALSE
PAPOLA	TRUE	TRUE	TRUE	TRUE
PARK7	TRUE	TRUE	TRUE	TRUE
PARP8	TRUE	TRUE	FALSE	FALSE
PATJ	TRUE	TRUE	TRUE	FALSE
PBRM1	TRUE	TRUE	TRUE	TRUE
PBX1	TRUE	TRUE	TRUE	TRUE
PBX3	TRUE	TRUE	TRUE	TRUE
PCBP4	TRUE	TRUE	TRUE	TRUE
PCNP	TRUE	TRUE	TRUE	FALSE
PDE4DIP	TRUE	TRUE	FALSE	FALSE
PDLIM5	TRUE	FALSE	FALSE	FALSE
PDPK1	TRUE	TRUE	TRUE	FALSE
PDXK	TRUE	TRUE	TRUE	FALSE
PEA15	TRUE	TRUE	TRUE	FALSE
PEMT	TRUE	TRUE	TRUE	FALSE
PEPD	TRUE	TRUE	TRUE	TRUE
PFKP	TRUE	TRUE	TRUE	TRUE
PHGDH	TRUE	FALSE	FALSE	FALSE
PHIP	TRUE	TRUE	TRUE	FALSE
PHLDA3	TRUE	FALSE	FALSE	FALSE
PHTF2	TRUE	TRUE	FALSE	FALSE
PHYHIPL	TRUE	FALSE	FALSE	FALSE
PIEZO2	TRUE	TRUE	TRUE	FALSE
PIGF	TRUE	TRUE	TRUE	TRUE
PIK3C2A	TRUE	TRUE	TRUE	TRUE
PKM	TRUE	TRUE	TRUE	FALSE
PLD3	TRUE	TRUE	TRUE	TRUE
PLEKHA5	TRUE	TRUE	FALSE	FALSE
PLEKHA6	TRUE	TRUE	TRUE	FALSE
PLEKHB2	TRUE	TRUE	TRUE	FALSE
PMAIP1	TRUE	FALSE	FALSE	FALSE
PMPCA	TRUE	TRUE	TRUE	FALSE
PNISR	TRUE	TRUE	TRUE	TRUE
POLR2E	TRUE	TRUE	TRUE	TRUE
POLR3A	TRUE	TRUE	TRUE	FALSE
POLR3D	TRUE	TRUE	FALSE	FALSE
POLR3F	TRUE	TRUE	TRUE	FALSE
POP5	TRUE	TRUE	TRUE	TRUE
PPA2	TRUE	TRUE	TRUE	FALSE
PPFIA1	TRUE	FALSE	FALSE	FALSE
PPM1K	TRUE	TRUE	TRUE	TRUE
PPP1CC	TRUE	TRUE	TRUE	FALSE
PPP2R2B	TRUE	TRUE	TRUE	TRUE
PPP2R3C	TRUE	TRUE	FALSE	FALSE
PPP6R2	TRUE	TRUE	TRUE	FALSE
PRKAG2-AS1	TRUE	TRUE	FALSE	FALSE
PRKAR1B	TRUE	TRUE	TRUE	FALSE
PRPF8	FALSE	FALSE	FALSE	TRUE
PRRC2A	TRUE	TRUE	FALSE	FALSE
PRRC2C	TRUE	FALSE	FALSE	FALSE
PSEN2	TRUE	FALSE	FALSE	FALSE
PSMA4	TRUE	TRUE	TRUE	TRUE
PSMC2	TRUE	TRUE	TRUE	FALSE
PSMC5	TRUE	TRUE	TRUE	TRUE
PSMD1	TRUE	TRUE	TRUE	TRUE
PSMD6	TRUE	TRUE	TRUE	TRUE
PTPRO	TRUE	TRUE	TRUE	TRUE
PTPRR	TRUE	FALSE	TRUE	FALSE
PTPRS	TRUE	TRUE	TRUE	TRUE
R3HCC1L	FALSE	TRUE	TRUE	FALSE
R3HDM2	TRUE	TRUE	TRUE	TRUE
RAB3GAP2	TRUE	TRUE	TRUE	TRUE
RAB8A	FALSE	FALSE	FALSE	TRUE
RACK1	TRUE	TRUE	TRUE	TRUE
RAD17	TRUE	TRUE	TRUE	FALSE
RAI14	TRUE	TRUE	TRUE	FALSE
RANBP2	TRUE	TRUE	TRUE	TRUE
RARS1	TRUE	TRUE	TRUE	FALSE
RASA1	TRUE	TRUE	TRUE	FALSE
RB1	TRUE	TRUE	FALSE	FALSE
RBM12B	TRUE	TRUE	TRUE	FALSE
RBM22	TRUE	TRUE	TRUE	FALSE
RBM34	TRUE	TRUE	TRUE	TRUE
RCHY1	FALSE	TRUE	TRUE	FALSE
RCN1	TRUE	TRUE	TRUE	FALSE
RCOR3	TRUE	TRUE	FALSE	FALSE
RETREG1	TRUE	TRUE	FALSE	FALSE
REXO2	TRUE	TRUE	TRUE	TRUE
RFC1	TRUE	TRUE	TRUE	TRUE
RHOA	TRUE	TRUE	TRUE	TRUE
RHOC	TRUE	TRUE	TRUE	TRUE
RMND1	TRUE	TRUE	TRUE	FALSE
RNF123	TRUE	FALSE	FALSE	FALSE
RNF130	TRUE	FALSE	TRUE	FALSE
RNF167	TRUE	TRUE	TRUE	TRUE
RNPC3	TRUE	TRUE	TRUE	TRUE
ROGDI	TRUE	TRUE	TRUE	TRUE
RPAIN	TRUE	TRUE	TRUE	TRUE
RPF1	TRUE	TRUE	TRUE	TRUE
RPL11	TRUE	TRUE	TRUE	TRUE
RPL14	TRUE	TRUE	TRUE	TRUE
RPL19	TRUE	TRUE	TRUE	TRUE
RPL27	TRUE	TRUE	TRUE	TRUE
RPL28	TRUE	TRUE	TRUE	TRUE
RPL3	TRUE	TRUE	TRUE	TRUE
RPL37A	TRUE	TRUE	TRUE	TRUE
RPL7L1	TRUE	TRUE	TRUE	TRUE
RPL8	TRUE	TRUE	TRUE	TRUE
RPL9	TRUE	TRUE	TRUE	TRUE
RPLP0	TRUE	TRUE	TRUE	TRUE
RPS11	TRUE	TRUE	TRUE	TRUE
RPS14	TRUE	TRUE	TRUE	TRUE
RPS2	TRUE	TRUE	TRUE	TRUE
RPS20	TRUE	TRUE	TRUE	TRUE
RPS26	TRUE	TRUE	TRUE	FALSE
RPS27L	TRUE	TRUE	TRUE	FALSE
RPS5	TRUE	TRUE	TRUE	TRUE
RPS7	TRUE	TRUE	TRUE	TRUE
RPS8	TRUE	TRUE	TRUE	TRUE
RRP1	TRUE	TRUE	TRUE	FALSE
RRP15	TRUE	TRUE	TRUE	TRUE
RSRP1	TRUE	TRUE	TRUE	FALSE
RSU1	TRUE	TRUE	FALSE	FALSE
RTF2	TRUE	TRUE	TRUE	TRUE
RUVBL2	TRUE	TRUE	FALSE	FALSE
RWDD1	TRUE	TRUE	TRUE	FALSE
SACM1L	TRUE	TRUE	TRUE	FALSE
SANBR	TRUE	TRUE	FALSE	FALSE
SCAMP1	TRUE	TRUE	TRUE	TRUE
SCFD1	TRUE	TRUE	TRUE	TRUE
SCN2A	TRUE	TRUE	TRUE	FALSE
SCN7A	TRUE	TRUE	TRUE	FALSE
SDHA	TRUE	TRUE	TRUE	TRUE
SDHAP4	TRUE	TRUE	FALSE	FALSE
SEC14L1	TRUE	TRUE	TRUE	FALSE
SECISBP2	TRUE	TRUE	TRUE	TRUE
SEMA6D	TRUE	TRUE	TRUE	TRUE
SENP6	FALSE	FALSE	TRUE	FALSE
SEPTIN2	TRUE	TRUE	TRUE	FALSE
SERBP1	TRUE	TRUE	TRUE	TRUE
SESTD1	TRUE	TRUE	TRUE	TRUE
SETD2	TRUE	FALSE	FALSE	FALSE
SFT2D1	TRUE	TRUE	FALSE	FALSE
SFXN4	TRUE	TRUE	FALSE	FALSE
SGIP1	TRUE	FALSE	FALSE	FALSE
SIRT2	TRUE	FALSE	FALSE	FALSE
SKIC3	TRUE	TRUE	TRUE	TRUE
SLC16A3	TRUE	TRUE	TRUE	FALSE
SLC1A2	FALSE	FALSE	TRUE	FALSE
SLC25A36	TRUE	TRUE	TRUE	TRUE
SLC25A4	TRUE	TRUE	TRUE	TRUE
SLC33A1	TRUE	TRUE	FALSE	FALSE
SLC41A3	FALSE	FALSE	TRUE	FALSE
SLC4A1AP	TRUE	TRUE	FALSE	TRUE
SLC52A2	TRUE	TRUE	TRUE	TRUE
SLIT2	TRUE	TRUE	FALSE	FALSE
SLX4	TRUE	FALSE	FALSE	FALSE
SMARCAD1	TRUE	TRUE	TRUE	TRUE
SMARCB1	TRUE	TRUE	TRUE	TRUE
SMARCE1	TRUE	TRUE	TRUE	FALSE
SMC2	TRUE	TRUE	TRUE	TRUE
SMC3	TRUE	TRUE	TRUE	TRUE
SMCHD1	TRUE	TRUE	TRUE	FALSE
SMG1	TRUE	TRUE	TRUE	FALSE
SNHG16	TRUE	TRUE	TRUE	FALSE
SNHG21	TRUE	TRUE	TRUE	FALSE
SNHG5	TRUE	TRUE	TRUE	TRUE
SNHG8	TRUE	TRUE	TRUE	TRUE
SNX6	TRUE	TRUE	TRUE	TRUE
SORBS2	TRUE	TRUE	TRUE	TRUE
SPAST	TRUE	TRUE	TRUE	FALSE
SPATA6	TRUE	TRUE	TRUE	FALSE
SPATS2	TRUE	TRUE	TRUE	TRUE
SPCS1	TRUE	TRUE	TRUE	TRUE
SPCS3	TRUE	TRUE	TRUE	TRUE
SPDL1	TRUE	FALSE	FALSE	FALSE
SPOCK3	TRUE	TRUE	TRUE	TRUE
SPTAN1	TRUE	TRUE	TRUE	TRUE
SPTLC2	TRUE	TRUE	TRUE	TRUE
SQLE	TRUE	TRUE	TRUE	TRUE
SRA1	TRUE	TRUE	FALSE	FALSE
SRP72	TRUE	TRUE	TRUE	FALSE
SRRM2	TRUE	TRUE	TRUE	TRUE
SRSF3	TRUE	TRUE	TRUE	TRUE
SSBP2	TRUE	TRUE	FALSE	FALSE
SSBP3	TRUE	TRUE	TRUE	FALSE
SSR1	TRUE	TRUE	TRUE	TRUE
STAG1	TRUE	TRUE	TRUE	TRUE
STAG3L4	TRUE	FALSE	FALSE	FALSE
STAMBP	TRUE	FALSE	FALSE	FALSE
STAT2	TRUE	TRUE	FALSE	FALSE
STK25	TRUE	TRUE	TRUE	FALSE
STK33	TRUE	TRUE	TRUE	FALSE
STMN3	TRUE	TRUE	FALSE	FALSE
STRN3	TRUE	TRUE	TRUE	FALSE
STX2	TRUE	TRUE	TRUE	TRUE
STXBP1	TRUE	TRUE	TRUE	TRUE
STXBP3	TRUE	TRUE	TRUE	FALSE
SUCLA2	TRUE	TRUE	TRUE	TRUE
SUCO	TRUE	TRUE	TRUE	TRUE
SUPT5H	TRUE	TRUE	TRUE	TRUE
SWT1	TRUE	TRUE	FALSE	FALSE
SYT1	TRUE	TRUE	TRUE	TRUE
SYT14	TRUE	TRUE	TRUE	FALSE
TAF1B	TRUE	FALSE	FALSE	FALSE
TAF2	TRUE	TRUE	FALSE	FALSE
TAMM41	TRUE	TRUE	TRUE	FALSE
TAX1BP1	TRUE	TRUE	TRUE	FALSE
TBC1D20	TRUE	TRUE	FALSE	FALSE
TBC1D22A	TRUE	TRUE	FALSE	FALSE
TBC1D32	TRUE	TRUE	TRUE	FALSE
TBCA	TRUE	TRUE	TRUE	TRUE
TBCB	TRUE	TRUE	TRUE	TRUE
TCP11L1	TRUE	TRUE	FALSE	FALSE
TDG	TRUE	TRUE	TRUE	FALSE
TEFM	TRUE	TRUE	TRUE	TRUE
TERF1	TRUE	TRUE	TRUE	FALSE
TEX264	TRUE	TRUE	TRUE	FALSE
TFG	TRUE	TRUE	TRUE	FALSE
TGS1	TRUE	TRUE	TRUE	FALSE
THRAP3	TRUE	TRUE	FALSE	FALSE
TIMM10B	TRUE	FALSE	FALSE	FALSE
TIMP2	TRUE	TRUE	TRUE	FALSE
TIPRL	TRUE	TRUE	TRUE	TRUE
TM2D2	TRUE	TRUE	TRUE	FALSE
TM7SF2	TRUE	TRUE	TRUE	TRUE
TMCO1	TRUE	TRUE	TRUE	TRUE
TMCO3	TRUE	TRUE	TRUE	FALSE
TMEM106B	TRUE	TRUE	TRUE	FALSE
TMEM167B	TRUE	FALSE	FALSE	FALSE
TMEM176B	TRUE	TRUE	TRUE	FALSE
TMEM218	TRUE	TRUE	FALSE	FALSE
TMEM25	TRUE	TRUE	TRUE	TRUE
TMEM39A	TRUE	TRUE	FALSE	FALSE
TMEM91	FALSE	TRUE	FALSE	FALSE
TMEM9B	TRUE	TRUE	TRUE	TRUE
TNRC6B	TRUE	TRUE	TRUE	TRUE
TOP2B	TRUE	TRUE	TRUE	FALSE
TOR1AIP1	TRUE	TRUE	FALSE	FALSE
TOX4	TRUE	TRUE	TRUE	TRUE
TP53BP1	TRUE	TRUE	FALSE	FALSE
TPM1	TRUE	TRUE	TRUE	TRUE
TPM4	TRUE	FALSE	FALSE	FALSE
TRAPPC11	TRUE	FALSE	FALSE	FALSE
TRAPPC12	TRUE	FALSE	FALSE	FALSE
TRAPPC5	TRUE	TRUE	TRUE	TRUE
TRAPPC9	TRUE	TRUE	FALSE	FALSE
TRIM2	TRUE	TRUE	TRUE	FALSE
TRIM37	TRUE	TRUE	TRUE	FALSE
TRIO	TRUE	FALSE	FALSE	FALSE
TRPC1	TRUE	FALSE	FALSE	FALSE
TSC2	TRUE	FALSE	FALSE	FALSE
TSTD2	TRUE	TRUE	TRUE	TRUE
TTC21B	TRUE	FALSE	FALSE	FALSE
TXNDC15	TRUE	TRUE	TRUE	FALSE
TXNRD1	TRUE	TRUE	TRUE	TRUE
UBAP2	TRUE	TRUE	TRUE	TRUE
UBAP2L	TRUE	TRUE	TRUE	FALSE
UBE2D1	TRUE	TRUE	TRUE	TRUE
UBE2Q2P2	TRUE	TRUE	TRUE	TRUE
UBE2V2	TRUE	TRUE	TRUE	TRUE
UBR2	FALSE	FALSE	TRUE	TRUE
UBXN1	TRUE	TRUE	TRUE	TRUE
UFSP2	TRUE	TRUE	TRUE	TRUE
UGP2	TRUE	TRUE	TRUE	TRUE
UNC79	TRUE	TRUE	TRUE	TRUE
UROS	TRUE	TRUE	TRUE	TRUE
USP22	TRUE	FALSE	FALSE	FALSE
USP4	TRUE	TRUE	TRUE	TRUE
USP46	TRUE	TRUE	FALSE	FALSE
USP7	TRUE	TRUE	TRUE	TRUE
USP8	TRUE	TRUE	TRUE	FALSE
VIM	TRUE	TRUE	TRUE	TRUE
VPS4B	TRUE	TRUE	TRUE	TRUE
VPS50	TRUE	TRUE	TRUE	FALSE
VPS53	TRUE	TRUE	TRUE	TRUE
VPS8	TRUE	TRUE	TRUE	TRUE
VSNL1	TRUE	TRUE	TRUE	TRUE
WAPL	TRUE	TRUE	FALSE	FALSE
WASF1	TRUE	TRUE	TRUE	TRUE
WDR11	TRUE	FALSE	FALSE	FALSE
WDR18	FALSE	FALSE	TRUE	FALSE
WDR45B	TRUE	TRUE	TRUE	TRUE
WSB1	TRUE	TRUE	TRUE	TRUE
XPA	TRUE	TRUE	TRUE	TRUE
XPO1	TRUE	TRUE	TRUE	FALSE
YEATS4	TRUE	TRUE	TRUE	TRUE
YIF1A	TRUE	TRUE	TRUE	TRUE
YME1L1	TRUE	TRUE	TRUE	FALSE
YWHAH	TRUE	TRUE	TRUE	TRUE
ZC3H11A	TRUE	TRUE	FALSE	FALSE
ZC3H13	TRUE	TRUE	TRUE	TRUE
ZDHHC21	TRUE	TRUE	TRUE	TRUE
ZFAND2A	TRUE	TRUE	TRUE	TRUE
ZFR	TRUE	TRUE	TRUE	FALSE
ZMPSTE24	TRUE	TRUE	TRUE	FALSE
ZNF138	TRUE	TRUE	TRUE	FALSE
ZNF141	TRUE	TRUE	TRUE	FALSE
ZNF252P	TRUE	TRUE	TRUE	TRUE
ZNF292	TRUE	TRUE	TRUE	FALSE
ZNF302	TRUE	FALSE	FALSE	FALSE
ZNF385D	TRUE	FALSE	FALSE	FALSE
ZNF521	TRUE	FALSE	FALSE	FALSE
ZNF626	TRUE	TRUE	TRUE	FALSE
ZNF638	TRUE	TRUE	TRUE	TRUE
ZNF649	TRUE	FALSE	FALSE	FALSE
ZNF721	TRUE	TRUE	TRUE	TRUE
ZNF749	TRUE	TRUE	TRUE	TRUE
ZNF83	TRUE	FALSE	FALSE	FALSE
ZNF892	TRUE	TRUE	TRUE	FALSE
ZNG1E	TRUE	TRUE	TRUE	FALSE
ZNHIT3	TRUE	TRUE	FALSE	FALSE
ZNRD2	TRUE	TRUE	TRUE	FALSE
ZRANB2	TRUE	TRUE	TRUE	FALSE
ZSCAN26	TRUE	TRUE	FALSE	FALSE
