screen	change	reason	N	pct
dp10	lost	not cis	83	96.5
dp10	lost	|dPSI| below 0.10 or other filter	3	3.5
dp10	gained	not cis	280	40.6
dp10	gained	no het donor meets the cutoff	392	56.9
dp10	gained	<10 reads on one allele	15	2.2
dp10	gained	|dPSI| below 0.10 or other filter	2	0.3
dp20	lost	not cis	76	96.2
dp20	lost	|dPSI| below 0.10 or other filter	3	3.8
dp20	gained	not cis	209	47.3
dp20	gained	no het donor meets the cutoff	218	49.3
dp20	gained	<10 reads on one allele	13	2.9
dp20	gained	|dPSI| below 0.10 or other filter	2	0.5
dp50	lost	no het donor meets the cutoff	554	77.3
dp50	lost	not cis	158	22
dp50	lost	|dPSI| below 0.10 or other filter	5	0.7
dp50	gained	not cis	65	91.5
dp50	gained	|dPSI| below 0.10 or other filter	6	8.5
