gene	dpsi_0hr	dpsi_1hr	dpsi_6hr	passes_0hr	passes_1hr	passes_6hr	usable_0hr	usable_1hr	usable_6hr	pattern	variant_qual	exonic_part	max_signal
CALD1		-0.947		FALSE	TRUE	FALSE	FALSE	TRUE	FALSE	post_stim_only	chr7:134933926:G>A	chr7:134933390-134933895:+	0.947
LMBRD1	0.857		0.932	TRUE	FALSE	TRUE	TRUE	FALSE	TRUE	other	chr6:69675816:G>A	chr6:69796413-69796490:-	0.932
ASXL3			-0.923	FALSE	FALSE	TRUE	FALSE	FALSE	TRUE	post_stim_only	chr18:33607676:GTC>AA	chr18:33608074-33608255:+	0.923
FERMT2	-0.841			TRUE	FALSE	FALSE	TRUE	FALSE	FALSE	other	chr14:52893422:G>T	chr14:52951035-52951050:-	0.841
ZNG1E		0.801	0.737	FALSE	TRUE	TRUE	TRUE	TRUE	TRUE	detected_after_stim	chr9:65682027:G>A	chr9:65677127-65677225:+	0.801
RPS27L		0.665	0.795	FALSE	TRUE	TRUE	FALSE	TRUE	TRUE	post_stim_only	chr15:63157480:C>G	chr15:63152782-63153852:-	0.795
RHOC	0.788			TRUE	FALSE	FALSE	TRUE	FALSE	FALSE	other	chr1:112707081:C>T	chr1:112705168-112705201:-	0.788
EXTL3			0.769	FALSE	FALSE	TRUE	FALSE	FALSE	TRUE	post_stim_only	chr8:28715695:G>A	chr8:28701454-28701488:+	0.769
RPS14	0.762	0.737		TRUE	TRUE	FALSE	TRUE	TRUE	FALSE	other	chr5:150447721:T>G	chr5:150449436-150449485:-	0.762
ZNF749	-0.417	-0.172	-0.741	TRUE	FALSE	TRUE	TRUE	TRUE	TRUE	other	chr19:57435555:G>C	chr19:57438101-57438456:+	0.741
FAM200B	-0.731	-0.319	-0.311	TRUE	TRUE	TRUE	TRUE	TRUE	TRUE	all_timepoints	chr4:15687141:G>A	chr4:15687462-15688550:+	0.731
RUVBL2		0.727	0.319	FALSE	TRUE	FALSE	FALSE	TRUE	TRUE	post_stim_only	chr19:48993897:A>G	chr19:49004206-49004276:+	0.727
TEFM	0.714	0.3	0.404	TRUE	TRUE	TRUE	TRUE	TRUE	TRUE	all_timepoints	chr17:30904132:C>T	chr17:30906167-30906190:-	0.714
C11orf58	-0.53	-0.712		TRUE	TRUE	FALSE	TRUE	TRUE	FALSE	other	chr11:16755046:C>A	chr11:16755067-16755346:+	0.712
CYBA	0.484	0.473	0.695	TRUE	TRUE	TRUE	TRUE	TRUE	TRUE	all_timepoints	chr16:88646827:A>G	chr16:88643289-88643312:-	0.695
CLSTN3	0.692			TRUE	FALSE	FALSE	TRUE	FALSE	FALSE	other	chr12:7158931:G>A	chr12:7132385-7132904:+	0.692
TAX1BP1		0.68		FALSE	TRUE	FALSE	FALSE	TRUE	FALSE	post_stim_only	chr7:27740145:G>A	chr7:27816394-27816520:+	0.68
UNC79		-0.496	-0.676	FALSE	TRUE	TRUE	FALSE	TRUE	TRUE	post_stim_only	chr14:93618347:G>A	chr14:93620891-93621041:+	0.676
UBE2Q2P2	0.675	0.293	0.429	TRUE	FALSE	TRUE	TRUE	TRUE	TRUE	other	chr15:82404653:A>G	chr15:82395232-82395301:+	0.675
MBP		-0.674		FALSE	TRUE	FALSE	FALSE	TRUE	FALSE	post_stim_only	chr18:77066358:A>G	chr18:77012778-77016831:-	0.674
RPF1	0.608	0.67	0.561	TRUE	TRUE	TRUE	TRUE	TRUE	TRUE	all_timepoints	chr1:84480988:G>A	chr1:84482995-84483330:+	0.67
PRRC2A		0.667		FALSE	TRUE	FALSE	FALSE	TRUE	FALSE	post_stim_only	chr6:31635992:A>G	chr6:31622689-31622726:+	0.667
CCDC186		-0.652	-0.354	FALSE	TRUE	TRUE	FALSE	TRUE	TRUE	post_stim_only	chr10:114127463:G>T	chr10:114125885-114126105:-	0.652
RETREG1			0.647	FALSE	FALSE	TRUE	FALSE	FALSE	TRUE	post_stim_only	chr5:16616989:A>G	chr5:16481093-16482996:-	0.647
ZNRD2	-0.645			TRUE	FALSE	FALSE	TRUE	FALSE	FALSE	other	chr11:65570902:C>T	chr11:65570510-65570602:+	0.645
CAPNS1	0.633			TRUE	FALSE	FALSE	TRUE	FALSE	FALSE	other	chr19:36145807:C>T	chr19:36145775-36145805:+	0.633
NAXE			-0.63	FALSE	FALSE	TRUE	FALSE	FALSE	TRUE	post_stim_only	chr1:156591858:G>C	chr1:156595741-156596706:+	0.63
HPS4		-0.629		FALSE	TRUE	FALSE	TRUE	TRUE	FALSE	detected_after_stim	chr22:26481801:C>T	chr22:26476618-26476992:-	0.629
DCLK1			0.618	FALSE	FALSE	TRUE	FALSE	FALSE	TRUE	post_stim_only	chr13:35771678:C>T	chr13:35855509-35855642:-	0.618
SWT1	0.618			TRUE	FALSE	FALSE	TRUE	FALSE	TRUE	other	chr1:185166612:A>G	chr1:185168398-185169112:+	0.618
MACF1		0.615		FALSE	TRUE	FALSE	FALSE	TRUE	FALSE	post_stim_only	chr1:39284389:G>A	chr1:39083362-39083417:+	0.615
CSGALNACT2			-0.612	FALSE	FALSE	TRUE	FALSE	FALSE	TRUE	post_stim_only	chr10:43138491:C>G	chr10:43155810-43156208:+	0.612
CWC22		-0.607		FALSE	TRUE	FALSE	FALSE	TRUE	FALSE	post_stim_only	chr2:179945619:C>T	chr2:180006866-180007069:-	0.607
DNTTIP2		-0.6	-0.483	FALSE	TRUE	TRUE	FALSE	TRUE	TRUE	post_stim_only	chr1:93877466:A>G	chr1:93875644-93875665:-	0.6
ANK3		-0.009	0.598	FALSE	FALSE	TRUE	FALSE	TRUE	TRUE	post_stim_only	chr10:60029513:G>A	chr10:60082149-60082176:-	0.598
PTPRS		0.597	0.017	FALSE	TRUE	FALSE	FALSE	TRUE	TRUE	post_stim_only	chr19:5286060:C>T	chr19:5256107-5256119:-	0.597
HLA-C	0.526	0.596	0.3	TRUE	TRUE	TRUE	TRUE	TRUE	TRUE	all_timepoints	chr6:31269346:T>C	chr6:31272105-31272130:-	0.596
MIX23	0.59	0.453	0.522	TRUE	TRUE	TRUE	TRUE	TRUE	TRUE	all_timepoints	chr3:122363003:C>G	chr3:122383147-122383173:-	0.59
PHTF2			-0.59	FALSE	FALSE	TRUE	FALSE	FALSE	TRUE	post_stim_only	chr7:77901795:T>C	chr7:77940302-77940459:+	0.59
PRKAR1B			0.589	FALSE	FALSE	TRUE	FALSE	TRUE	TRUE	post_stim_only	chr7:579300:A>G	chr7:712413-712438:-	0.589
CD9	-0.588	-0.376	-0.266	TRUE	TRUE	FALSE	TRUE	TRUE	TRUE	other	chr12:6225509:AATAATA>C	chr12:6200363-6200383:+	0.588
UBAP2		0.588		FALSE	TRUE	FALSE	FALSE	TRUE	FALSE	post_stim_only	chr9:33989066:G>T	chr9:34048909-34048938:-	0.588
PATJ			0.587	FALSE	FALSE	TRUE	FALSE	TRUE	TRUE	post_stim_only	chr1:61990341:G>A	chr1:61991481-61991779:+	0.587
ZNF138	-0.587	-0.114	-0.006	TRUE	FALSE	FALSE	TRUE	TRUE	TRUE	detected_at_baseline_only	chr7:64794412:G>T	chr7:64830939-64831076:+	0.587
CST3	-0.566	-0.526	-0.583	TRUE	TRUE	TRUE	TRUE	TRUE	TRUE	all_timepoints	chr20:23637789:C>T	chr20:23637945-23637955:-	0.583
TBC1D20			-0.582	FALSE	FALSE	TRUE	FALSE	FALSE	TRUE	post_stim_only	chr20:448051:C>T	chr20:444547-445049:-	0.582
AKAP1		0.576	0.274	FALSE	TRUE	FALSE	FALSE	TRUE	TRUE	post_stim_only	chr17:57120552:G>C	chr17:57096577-57096590:+	0.576
RHOA	-0.574			TRUE	FALSE	FALSE	TRUE	FALSE	FALSE	other	chr3:49362552:A>G	chr3:49411976-49411994:-	0.574
LZIC		-0.293	-0.56	FALSE	TRUE	TRUE	TRUE	TRUE	TRUE	detected_after_stim	chr1:9930408:G>T	chr1:9926292-9929719:-	0.56
METTL8		0.282	0.56	FALSE	TRUE	TRUE	FALSE	TRUE	TRUE	post_stim_only	chr2:171360457:C>T	chr2:171414602-171414726:-	0.56
ATP2C1	0.109	0.556	-0.167	FALSE	TRUE	FALSE	TRUE	TRUE	TRUE	detected_after_stim	chr3:130999627:G>A	chr3:130894083-130894177:+	0.556
HNRNPL		0.554		FALSE	TRUE	FALSE	FALSE	TRUE	FALSE	post_stim_only	chr19:38836397:A>T	chr19:38841612-38841682:-	0.554
NUB1		0.553		FALSE	TRUE	FALSE	FALSE	TRUE	FALSE	post_stim_only	chr7:151341810:C>G	chr7:151374201-151374243:+	0.553
TRAPPC9	0.553		-0.051	TRUE	FALSE	FALSE	TRUE	FALSE	TRUE	other	chr8:140451166:A>G	chr8:140450615-140450789:-	0.553
ADGRL3			-0.55	FALSE	FALSE	TRUE	FALSE	TRUE	TRUE	post_stim_only	chr4:61732970:C>T	chr4:62063504-62063633:+	0.55
PSMD6	-0.55	0.161	0.008	TRUE	FALSE	FALSE	TRUE	TRUE	TRUE	detected_at_baseline_only	chr3:64010585:C>T	chr3:64023478-64023492:-	0.55
CHORDC1	0.429	0.457	0.548	TRUE	TRUE	TRUE	TRUE	TRUE	TRUE	all_timepoints	chr11:90223037:G>A	chr11:90212798-90213308:-	0.548
LUZP1			0.545	FALSE	FALSE	TRUE	FALSE	FALSE	TRUE	post_stim_only	chr1:23093442:G>T	chr1:23109584-23109650:-	0.545
PARP8		-0.545		FALSE	TRUE	FALSE	FALSE	TRUE	FALSE	post_stim_only	chr5:50761894:G>A	chr5:50761369-50761820:+	0.545
HLA-A	0.337	0.415	0.544	TRUE	TRUE	TRUE	TRUE	TRUE	TRUE	all_timepoints	chr6:29942546:G>C	chr6:29944616-29944634:+	0.544
GIGYF2		0.068	0.543	FALSE	FALSE	TRUE	FALSE	TRUE	TRUE	post_stim_only	chr2:232844095:A>G	chr2:232764461-232764610:+	0.543
GARRE1		-0.542		FALSE	TRUE	FALSE	FALSE	TRUE	FALSE	post_stim_only	chr19:34299851:G>A	chr19:34300567-34300754:+	0.542
MDM2			0.542	FALSE	FALSE	TRUE	FALSE	FALSE	TRUE	post_stim_only	chr12:68824646:G>A	chr12:68809023-68809086:+	0.542
RPS5	0.495	0.538	0.542	TRUE	TRUE	TRUE	TRUE	TRUE	TRUE	all_timepoints	chr19:58394795:T>C	chr19:58388417-58388480:+	0.542
RB1			0.54	FALSE	FALSE	TRUE	FALSE	TRUE	TRUE	post_stim_only	chr13:48456230:G>A	chr13:48479978-48479997:+	0.54
B3GALNT1		-0.538		FALSE	TRUE	FALSE	FALSE	TRUE	FALSE	post_stim_only	chr3:161085453:C>T	chr3:161103112-161103141:-	0.538
CELF1		-0.538		FALSE	TRUE	FALSE	FALSE	TRUE	FALSE	post_stim_only	chr11:47478937:G>A	chr11:47470889-47471997:-	0.538
SLIT2		-0.533	0.017	FALSE	TRUE	FALSE	TRUE	TRUE	TRUE	detected_after_stim	chr4:20619059:G>A	chr4:20490802-20490814:+	0.533
TERF1		0.533		FALSE	TRUE	FALSE	FALSE	TRUE	FALSE	post_stim_only	chr8:73008862:C>G	chr8:73039115-73039219:+	0.533
ODF2L			-0.53	FALSE	FALSE	TRUE	FALSE	FALSE	TRUE	post_stim_only	chr1:86358801:A>T	chr1:86358343-86358786:-	0.53
SECISBP2			-0.525	FALSE	FALSE	TRUE	FALSE	FALSE	TRUE	post_stim_only	chr9:89320341:T>C	chr9:89320340-89320380:+	0.525
ZFAND2A	0.523	0.403	0.491	TRUE	TRUE	TRUE	TRUE	TRUE	TRUE	all_timepoints	chr7:1159995:T>C	chr7:1153224-1153241:-	0.523
EIF5A	0.517			TRUE	FALSE	FALSE	TRUE	FALSE	FALSE	other	chr17:7311591:T>C	chr17:7307480-7307539:+	0.517
CHTOP	0.512			TRUE	FALSE	FALSE	TRUE	FALSE	FALSE	other	chr1:153634079:G>T	chr1:153637662-153638083:+	0.512
GNAI2		0.512		FALSE	TRUE	FALSE	FALSE	TRUE	FALSE	post_stim_only	chr3:50258891:GTAAAGG>AAA	chr3:50230775-50230809:+	0.512
DIS3			-0.504	FALSE	FALSE	TRUE	FALSE	FALSE	TRUE	post_stim_only	chr13:72775940:T>C	chr13:72781288-72781356:-	0.504
ANXA5		0.5	0.223	FALSE	TRUE	FALSE	FALSE	TRUE	TRUE	post_stim_only	chr4:121696961:C>T	chr4:121678351-121678414:-	0.5
DGKD			0.5	FALSE	FALSE	TRUE	FALSE	FALSE	TRUE	post_stim_only	chr2:233469625:C>T	chr2:233454356-233454464:+	0.5
LINC03000			-0.5	FALSE	FALSE	TRUE	FALSE	FALSE	TRUE	post_stim_only	chr5:164354184:T>A	chr5:164486741-164486836:+	0.5
MAP2	-0.5		0.097	TRUE	FALSE	FALSE	TRUE	FALSE	TRUE	other	chr2:209733894:C>G	chr2:209687718-209687961:+	0.5
TMEM218		-0.5		FALSE	TRUE	FALSE	FALSE	TRUE	FALSE	post_stim_only	chr11:125097258:G>T	chr11:125101303-125101443:-	0.5
C20orf96		0.485	0.177	FALSE	TRUE	FALSE	FALSE	TRUE	TRUE	post_stim_only	chr20:279176:G>A	chr20:279330-279488:-	0.485
RPLP0	0.451	0.484	0.458	TRUE	TRUE	TRUE	TRUE	TRUE	TRUE	all_timepoints	chr12:120200811:A>G	chr12:120200832-120200852:-	0.484
DDX17	-0.483	-0.378		TRUE	TRUE	FALSE	TRUE	TRUE	FALSE	other	chr22:38494088:G>T	chr22:38488115-38488961:-	0.483
ELAVL4	-0.48	0.004	0.208	TRUE	FALSE	FALSE	TRUE	TRUE	TRUE	detected_at_baseline_only	chr1:50201233:C>T	chr1:50108965-50109065:+	0.48
RPL8	0.479			TRUE	FALSE	FALSE	TRUE	FALSE	FALSE	other	chr8:144792396:C>T	chr8:144792244-144792265:-	0.479
ANKRD36B	0.478	0.247	0.335	TRUE	TRUE	TRUE	TRUE	TRUE	TRUE	all_timepoints	chr2:97547720:C>G	chr2:97550103-97550166:-	0.478
STRN3		0.478	-0.032	FALSE	TRUE	FALSE	FALSE	TRUE	TRUE	post_stim_only	chr14:30956230:T>C	chr14:30913523-30913657:-	0.478
TMEM39A			-0.478	FALSE	FALSE	TRUE	FALSE	FALSE	TRUE	post_stim_only	chr3:119461955:C>T	chr3:119461787-119461949:-	0.478
ZFR	0.477	0.08		TRUE	FALSE	FALSE	TRUE	TRUE	FALSE	other	chr5:32404064:A>T	chr5:32406726-32406773:-	0.477
FAM104A			-0.476	FALSE	FALSE	TRUE	FALSE	FALSE	TRUE	post_stim_only	chr17:73232090:A>G	chr17:73212677-73212740:-	0.476
PCBP4	-0.04	0.476	0.058	FALSE	TRUE	FALSE	TRUE	TRUE	TRUE	detected_after_stim	chr3:51957958:C>T	chr3:51961940-51962079:-	0.476
TMCO1	0.469	0.442	0.473	TRUE	TRUE	TRUE	TRUE	TRUE	TRUE	all_timepoints	chr1:165759531:C>T	chr1:165754892-165754990:-	0.473
SANBR		-0.472		FALSE	TRUE	FALSE	FALSE	TRUE	FALSE	post_stim_only	chr2:61088388:G>A	chr2:61069651-61069698:+	0.472
NR4A1		0.466		FALSE	TRUE	FALSE	FALSE	TRUE	FALSE	post_stim_only	chr12:52059497:T>C	chr12:52037714-52038749:+	0.466
COL6A1	-0.464	0.015	-0.051	TRUE	FALSE	FALSE	TRUE	TRUE	TRUE	detected_at_baseline_only	chr21:46003474:G>A	chr21:46001196-46001252:+	0.464
ERCC6L2-AS1	-0.462	-0.071	-0.105	TRUE	FALSE	FALSE	TRUE	TRUE	TRUE	detected_at_baseline_only	chr9:95875147:C>T	chr9:95874548-95874622:-	0.462
RBM12B	0.462	-0.034		TRUE	FALSE	FALSE	TRUE	TRUE	FALSE	other	chr8:93737336:C>T	chr8:93740628-93740696:-	0.462
RCHY1	0.462	0.213	0.124	TRUE	FALSE	FALSE	TRUE	TRUE	TRUE	detected_at_baseline_only	chr4:75482208:C>T	chr4:75490701-75491582:-	0.462
TMEM106B	0.031	-0.045	-0.462	FALSE	FALSE	TRUE	TRUE	TRUE	TRUE	detected_after_stim	chr7:12229790:C>G	chr7:12214808-12214848:+	0.462
ARHGAP12		0.46	-0.116	FALSE	TRUE	FALSE	FALSE	TRUE	TRUE	post_stim_only	chr10:31852531:T>C	chr10:31839304-31839319:-	0.46
USP7		0.46	-0.121	FALSE	TRUE	FALSE	FALSE	TRUE	TRUE	post_stim_only	chr16:8915260:C>T	chr16:8963422-8963906:-	0.46
ALDH3A2		0.458		FALSE	TRUE	FALSE	FALSE	TRUE	FALSE	post_stim_only	chr17:19675559:A>T	chr17:19648850-19648877:+	0.458
C12orf57		0.156	0.456	FALSE	FALSE	TRUE	FALSE	TRUE	TRUE	post_stim_only	chr12:6943921:A>G	chr12:6944565-6944652:+	0.456
B4GALNT1		-0.455	0.197	FALSE	TRUE	FALSE	FALSE	TRUE	TRUE	post_stim_only	chr12:57632029:G>C	chr12:57632540-57632581:-	0.455
EIF4G1		-0.113	0.455	FALSE	FALSE	TRUE	FALSE	TRUE	TRUE	post_stim_only	chr3:184321989:GAGAAGCAGG>A	chr3:184317320-184317431:+	0.455
MYO9A		-0.455		FALSE	TRUE	FALSE	FALSE	TRUE	FALSE	post_stim_only	chr15:71880541:G>C	chr15:71892964-71893177:-	0.455
PRKAG2-AS1	0.455	-0.064	0.018	TRUE	FALSE	FALSE	TRUE	TRUE	TRUE	detected_at_baseline_only	chr7:151879025:A>G	chr7:151878561-151878814:+	0.455
TMEM91		-0.455		FALSE	TRUE	FALSE	FALSE	TRUE	FALSE	post_stim_only	chr19:41376806:A>G	chr19:41383560-41383632:+	0.455
HOTAIRM1		0.423	0.453	FALSE	TRUE	TRUE	TRUE	TRUE	TRUE	detected_after_stim	chr7:27099209:G>A	chr7:27099006-27099073:+	0.453
BIN1			-0.451	FALSE	FALSE	TRUE	FALSE	FALSE	TRUE	post_stim_only	chr2:127068956:A>G	chr2:127053421-127053445:-	0.451
PIEZO2	-0.45			TRUE	FALSE	FALSE	TRUE	FALSE	FALSE	other	chr18:10791206:C>T	chr18:10708274-10708439:-	0.45
ZNHIT3		-0.17	0.449	FALSE	FALSE	TRUE	FALSE	TRUE	TRUE	post_stim_only	chr17:36486676:G>A	chr17:36486934-36486966:+	0.449
DHX36	0.444	0.25	0.194	TRUE	TRUE	TRUE	TRUE	TRUE	TRUE	all_timepoints	chr3:154280584:C>T	chr3:154319080-154319284:-	0.444
IFRD1		-0.444	0.136	FALSE	TRUE	FALSE	FALSE	TRUE	TRUE	post_stim_only	chr7:112462299:T>G	chr7:112470898-112471033:+	0.444
ACTB	-0.443			TRUE	FALSE	FALSE	TRUE	FALSE	FALSE	other	chr7:5529549:C>G	chr7:5530604-5530627:-	0.443
EHBP1			0.442	FALSE	FALSE	TRUE	TRUE	FALSE	TRUE	detected_after_stim	chr2:62864892:G>A	chr2:62705712-62705736:+	0.442
NKAIN4		0.441		FALSE	TRUE	FALSE	FALSE	TRUE	FALSE	post_stim_only	chr20:63240855:G>C	chr20:63242538-63242623:-	0.441
BRD3		-0.067	0.44	FALSE	FALSE	TRUE	FALSE	TRUE	TRUE	post_stim_only	chr9:134053539:C>A	chr9:134051880-134052305:-	0.44
DCBLD2		-0.44		FALSE	TRUE	FALSE	FALSE	TRUE	FALSE	post_stim_only	chr3:98819211:C>T	chr3:98901326-98901639:-	0.44
RSRP1	-0.44			TRUE	FALSE	FALSE	TRUE	FALSE	FALSE	other	chr1:25244058:A>ATT	chr1:25244224-25244453:-	0.44
PABPN1			-0.439	FALSE	FALSE	TRUE	FALSE	FALSE	TRUE	post_stim_only	chr14:23325363:G>A	chr14:23324378-23324645:+	0.439
GOLGA8B		0.429	0.438	FALSE	TRUE	TRUE	FALSE	TRUE	TRUE	post_stim_only	chr15:34552979:T>C	chr15:34583665-34583708:-	0.438
TIPRL	-0.438			TRUE	FALSE	FALSE	TRUE	FALSE	FALSE	other	chr1:168200178:T>A	chr1:168200540-168201737:+	0.438
UBAP2L	0.437	0.031	-0.062	TRUE	FALSE	FALSE	TRUE	TRUE	TRUE	detected_at_baseline_only	chr1:154234674:G>A	chr1:154220975-154221040:+	0.437
TRAPPC5	0.362	0.431	0.384	TRUE	TRUE	TRUE	TRUE	TRUE	TRUE	all_timepoints	chr19:7682406:T>G	chr19:7680878-7681026:+	0.431
APLP2	0.429	0.42	0.424	TRUE	TRUE	TRUE	TRUE	TRUE	TRUE	all_timepoints	chr11:130143671:T>C	chr11:130069852-130069890:+	0.429
UFSP2	0.429	0.229		TRUE	TRUE	FALSE	TRUE	TRUE	FALSE	other	chr4:185418480:C>T	chr4:185418513-185418586:-	0.429
CENPX	0.428			TRUE	FALSE	FALSE	TRUE	FALSE	FALSE	other	chr17:82022879:C>A	chr17:82019640-82019694:-	0.428
NUP42	-0.064	0.181	-0.424	FALSE	FALSE	TRUE	TRUE	TRUE	TRUE	detected_after_stim	chr7:23185114:A>G	chr7:23197172-23197230:+	0.424
ENSG00000284707	0.418	0.251	0.34	TRUE	TRUE	TRUE	TRUE	TRUE	TRUE	all_timepoints	chr7:97972258:G>A	chr7:97970372-97970545:-	0.418
SEC14L1		0.079	-0.418	FALSE	FALSE	TRUE	FALSE	TRUE	TRUE	post_stim_only	chr17:77190912:C>G	chr17:77140931-77140968:+	0.418
CFAP410	-0.417	-0.05		TRUE	FALSE	FALSE	TRUE	TRUE	FALSE	other	chr21:44330261:T>C	chr21:44338233-44338338:-	0.417
GAPVD1		0.417		FALSE	TRUE	FALSE	FALSE	TRUE	FALSE	post_stim_only	chr9:125363036:C>A	chr9:125345889-125346818:+	0.417
MTMR2	0.417		0.111	TRUE	FALSE	FALSE	TRUE	FALSE	TRUE	other	chr11:95923946:T>G	chr11:95887975-95888155:-	0.417
MVD		-0.417	-0.214	FALSE	TRUE	TRUE	FALSE	TRUE	TRUE	post_stim_only	chr16:88662102:A>G	chr16:88662711-88662781:-	0.417
MARCHF7	0.241	0.415	0.393	FALSE	TRUE	TRUE	TRUE	TRUE	TRUE	detected_after_stim	chr2:159747851:G>A	chr2:159712606-159712661:+	0.415
ZNF626	0.107	-0.247	-0.412	FALSE	FALSE	TRUE	TRUE	TRUE	TRUE	detected_after_stim	chr19:20645715:A>G	chr19:20645448-20645683:-	0.412
SCN2A		0.057	0.41	FALSE	FALSE	TRUE	FALSE	TRUE	TRUE	post_stim_only	chr2:165388719:T>A	chr2:165328403-165328538:+	0.41
PBX1	-0.409	-0.251		TRUE	FALSE	FALSE	TRUE	TRUE	FALSE	other	chr1:164563301:G>A	chr1:164563616-164563927:+	0.409
SPCS1	0.142	-0.409	-0.153	FALSE	TRUE	FALSE	TRUE	TRUE	TRUE	detected_after_stim	chr3:52708015:T>C	chr3:52704954-52705158:+	0.409
CAPRIN2	-0.219	0.027	-0.407	FALSE	FALSE	TRUE	TRUE	TRUE	TRUE	detected_after_stim	chr12:30735066:T>C	chr12:30753347-30753536:-	0.407
RPL11	0.403			TRUE	FALSE	FALSE	TRUE	FALSE	FALSE	other	chr1:23696351:G>C	chr1:23694791-23695797:+	0.403
CACNA1E		0.401	0.198	FALSE	TRUE	TRUE	FALSE	TRUE	TRUE	post_stim_only	chr1:181483500:C>CT	chr1:181793667-181793793:+	0.401
CDIN1	0.008		-0.4	FALSE	FALSE	TRUE	TRUE	FALSE	TRUE	detected_after_stim	chr15:36579755:C>T	chr15:36645287-36645703:+	0.4
EIPR1		-0.024	0.4	FALSE	FALSE	TRUE	FALSE	TRUE	TRUE	post_stim_only	chr2:3189268:G>A	chr2:3261714-3261827:-	0.4
GABRG2		0.4		FALSE	TRUE	FALSE	FALSE	TRUE	FALSE	post_stim_only	chr5:162093881:A>G	chr5:162102553-162102673:+	0.4
LRRFIP2		-0.4	-0.283	FALSE	TRUE	FALSE	FALSE	TRUE	TRUE	post_stim_only	chr3:37083646:C>T	chr3:37108636-37108684:-	0.4
PFKP		0.038	0.4	FALSE	FALSE	TRUE	FALSE	TRUE	TRUE	post_stim_only	chr10:3113427:A>G	chr10:3068485-3068502:+	0.4
RCN1		0.4		FALSE	TRUE	FALSE	FALSE	TRUE	FALSE	post_stim_only	chr11:32098357:G>A	chr11:32096533-32097143:+	0.4
SDHAP4			-0.4	FALSE	FALSE	TRUE	FALSE	FALSE	TRUE	post_stim_only	chr3:197623316:T>G	chr3:197615027-197615563:-	0.4
SNHG5		-0.4	-0.229	FALSE	TRUE	TRUE	FALSE	TRUE	TRUE	post_stim_only	chr6:85678169:G>T	chr6:85665092-85665102:-	0.4
TCP11L1		-0.035	0.4	FALSE	FALSE	TRUE	FALSE	TRUE	TRUE	post_stim_only	chr11:33043847:C>T	chr11:33056587-33056723:+	0.4
UGP2	0.4	0.083	0.146	TRUE	FALSE	FALSE	TRUE	TRUE	TRUE	detected_at_baseline_only	chr2:63841143:G>C	chr2:63842538-63842599:+	0.4
ZC3H11A		-0.4		FALSE	TRUE	FALSE	FALSE	TRUE	FALSE	post_stim_only	chr1:203852185:G>A	chr1:203796607-203796648:+	0.4
ZDHHC21		0.292	0.398	FALSE	TRUE	TRUE	FALSE	TRUE	TRUE	post_stim_only	chr9:14680111:A>G	chr9:14683570-14683729:-	0.398
WSB1			0.395	FALSE	FALSE	TRUE	FALSE	FALSE	TRUE	post_stim_only	chr17:27308206:G>A	chr17:27302434-27303319:+	0.395
PMPCA		0.04	-0.393	FALSE	FALSE	TRUE	TRUE	TRUE	TRUE	detected_after_stim	chr9:136417018:C>T	chr9:136416391-136416555:+	0.393
RPL9	0.163	0.391	0.205	FALSE	TRUE	FALSE	TRUE	TRUE	TRUE	detected_after_stim	chr4:39456430:A>G	chr4:39458441-39458598:-	0.391
COCH	0.389	-0.086	-0.19	TRUE	FALSE	TRUE	TRUE	TRUE	TRUE	other	chr14:30885889:C>G	chr14:30874972-30875055:+	0.389
ENSG00000291075		0.389		FALSE	TRUE	FALSE	FALSE	TRUE	FALSE	post_stim_only	chr9:41011646:T>C	chr9:41008880-41008919:+	0.389
ERCC5		0.389		FALSE	TRUE	FALSE	FALSE	TRUE	FALSE	post_stim_only	chr13:102852166:T>C	chr13:102858910-102858937:+	0.389
EXOC1	0.389	0.181	0.05	TRUE	FALSE	FALSE	TRUE	TRUE	TRUE	detected_at_baseline_only	chr4:55904922:G>A	chr4:55888887-55888932:+	0.389
KIAA0408		0.312	0.389	FALSE	FALSE	TRUE	FALSE	TRUE	TRUE	post_stim_only	chr6:127447536:C>T	chr6:127451216-127451281:-	0.389
DICER1	0.018	0.003	-0.386	FALSE	FALSE	TRUE	TRUE	TRUE	TRUE	detected_after_stim	chr14:95107662:C>T	chr14:95092593-95092694:-	0.386
DPAGT1	0.385	-0.083	-0.123	TRUE	FALSE	FALSE	TRUE	TRUE	TRUE	detected_at_baseline_only	chr11:119096813:C>T	chr11:119097463-119097551:-	0.385
KDM4B			-0.384	FALSE	FALSE	TRUE	FALSE	FALSE	TRUE	post_stim_only	chr19:5151893:G>A	chr19:5119117-5119185:+	0.384
NKAPD1		-0.381		FALSE	TRUE	FALSE	FALSE	TRUE	TRUE	post_stim_only	chr11:112082575:G>A	chr11:112074358-112074784:+	0.381
PLEKHA6			-0.381	FALSE	FALSE	TRUE	FALSE	FALSE	TRUE	post_stim_only	chr1:204273709:A>C	chr1:204350879-204351051:-	0.381
PPP1CC		0.381		FALSE	TRUE	FALSE	FALSE	TRUE	FALSE	post_stim_only	chr12:110720883:C>T	chr12:110724764-110726679:-	0.381
SMC3	0.34	0.254	0.381	TRUE	TRUE	TRUE	TRUE	TRUE	TRUE	all_timepoints	chr10:110589681:G>A	chr10:110591132-110592199:+	0.381
SLC25A4	0.379			TRUE	FALSE	FALSE	TRUE	FALSE	FALSE	other	chr4:185143455:C>G	chr4:185145354-185145758:+	0.379
LEPROT	0.176	0.366	0.377	FALSE	TRUE	TRUE	TRUE	TRUE	TRUE	detected_after_stim	chr1:65420714:T>C	chr1:65421327-65421459:+	0.377
FAM27C		-0.376	-0.273	FALSE	TRUE	FALSE	FALSE	TRUE	TRUE	post_stim_only	chr9:61856729:G>C	chr9:61920302-61920435:+	0.376
CCNL2	0.375			TRUE	FALSE	FALSE	TRUE	FALSE	FALSE	other	chr1:1390333:C>T	chr1:1390865-1390900:-	0.375
DDIT3	-0.114	-0.375	-0.135	FALSE	TRUE	FALSE	TRUE	TRUE	TRUE	detected_after_stim	chr12:57517376:G>A	chr12:57517438-57517542:-	0.375
NLN		0.375		FALSE	TRUE	FALSE	FALSE	TRUE	FALSE	post_stim_only	chr5:65722298:C>G	chr5:65792655-65793649:+	0.375
PDXK		0.375	0.073	FALSE	TRUE	FALSE	FALSE	TRUE	TRUE	post_stim_only	chr21:43756076:T>C	chr21:43741475-43741572:+	0.375
SMCHD1		-0.375		FALSE	TRUE	FALSE	FALSE	TRUE	FALSE	post_stim_only	chr18:2772305:G>A	chr18:2736464-2737697:+	0.375
GALNT8	-0.161	0.371	0.02	FALSE	TRUE	FALSE	TRUE	TRUE	TRUE	detected_after_stim	chr12:4850820:C>T	chr12:4839296-4839361:+	0.371
TBC1D22A	-0.15	0.37	0.085	FALSE	TRUE	FALSE	TRUE	TRUE	TRUE	detected_after_stim	chr22:46891316:C>A	chr22:46792667-46792762:+	0.37
ANKRD50	-0.056	0.369		FALSE	TRUE	FALSE	TRUE	TRUE	FALSE	detected_after_stim	chr4:124669322:T>C	chr4:124709999-124710517:-	0.369
AGL	0.368	-0.139	-0.005	TRUE	TRUE	FALSE	TRUE	TRUE	TRUE	other	chr1:99851032:A>G	chr1:99851124-99851649:+	0.368
KTN1	0.368	0.049	0.031	TRUE	FALSE	FALSE	TRUE	TRUE	TRUE	detected_at_baseline_only	chr14:55630012:A>G	chr14:55680718-55680741:+	0.368
CDH2	-0.364	-0.13	0.043	TRUE	FALSE	FALSE	TRUE	TRUE	TRUE	detected_at_baseline_only	chr18:27963422:G>A	chr18:28036469-28036585:-	0.364
GAA		-0.364		FALSE	TRUE	FALSE	FALSE	TRUE	FALSE	post_stim_only	chr17:80119749:G>T	chr17:80112844-80112875:+	0.364
RSU1		0.364		FALSE	TRUE	FALSE	FALSE	TRUE	FALSE	post_stim_only	chr10:16817335:C>G	chr10:16781659-16782033:-	0.364
SSBP3			-0.364	FALSE	FALSE	TRUE	FALSE	FALSE	TRUE	post_stim_only	chr1:54226682:AA>TTTAG	chr1:54356414-54356818:-	0.364
ATL1	0.363	0.34	0.33	TRUE	TRUE	TRUE	TRUE	TRUE	TRUE	all_timepoints	chr14:50632326:G>A	chr14:50629950-50629994:+	0.363
NAA38		-0.361		FALSE	TRUE	FALSE	FALSE	TRUE	FALSE	post_stim_only	chr17:7857385:A>G	chr17:7857198-7857263:-	0.361
RPS7		0.347	0.359	FALSE	TRUE	TRUE	FALSE	TRUE	TRUE	post_stim_only	chr2:3575323:T>G	chr2:3575556-3575591:+	0.359
ZSCAN26		0.358		FALSE	TRUE	FALSE	FALSE	TRUE	FALSE	post_stim_only	chr6:28272690:C>A	chr6:28272340-28272669:+	0.358
CAPN7			0.357	FALSE	FALSE	TRUE	FALSE	FALSE	TRUE	post_stim_only	chr3:15217515:T>C	chr3:15210801-15210922:+	0.357
IFNAR2		0.003	0.357	FALSE	FALSE	TRUE	FALSE	TRUE	TRUE	post_stim_only	chr21:33241949:T>G	chr21:33252830-33260596:+	0.357
KIDINS220			-0.357	FALSE	FALSE	TRUE	FALSE	FALSE	TRUE	post_stim_only	chr2:8731211:C>A	chr2:8837468-8837479:-	0.357
ACADM		-0.353		FALSE	TRUE	FALSE	FALSE	TRUE	FALSE	post_stim_only	chr1:75740044:G>A	chr1:75733050-75733149:+	0.353
RPL14		-0.015	-0.353	FALSE	FALSE	TRUE	FALSE	TRUE	TRUE	post_stim_only	chr3:40462317:G>A	chr3:40457291-40457302:+	0.353
CUL2	0.093	0.352	0.248	FALSE	TRUE	FALSE	TRUE	TRUE	TRUE	detected_after_stim	chr10:35090463:C>T	chr10:35031643-35031659:-	0.352
SLC25A36	-0.352		-0.222	TRUE	FALSE	TRUE	TRUE	FALSE	TRUE	other	chr3:140963243:T>C	chr3:140963471-140966211:+	0.352
ASAH1		0.349		FALSE	TRUE	FALSE	FALSE	TRUE	FALSE	post_stim_only	chr8:18067104:CTGTGCTGTA__(32)__ACAGCACCTG>TT	chr8:18064412-18064456:-	0.349
ELF2			0.349	FALSE	FALSE	TRUE	FALSE	FALSE	TRUE	post_stim_only	chr4:139071872:C>T	chr4:139084496-139084521:-	0.349
FIP1L1		0.098	-0.348	FALSE	FALSE	TRUE	FALSE	TRUE	TRUE	post_stim_only	chr4:53377737:T>C	chr4:53414614-53414633:+	0.348
SCN7A		-0.132	0.348	FALSE	FALSE	TRUE	FALSE	TRUE	TRUE	post_stim_only	chr2:166406428:A>G	chr2:166486855-166486968:-	0.348
CCSER2	0.011	0.347	-0.066	FALSE	TRUE	FALSE	TRUE	TRUE	TRUE	detected_after_stim	chr10:84371302:A>G	chr10:84499874-84499959:+	0.347
DSTN	-0.347			TRUE	FALSE	FALSE	TRUE	FALSE	FALSE	other	chr20:17604617:A>G	chr20:17591931-17592063:+	0.347
ZC3H13	0.347	0.094		TRUE	FALSE	FALSE	TRUE	TRUE	FALSE	other	chr13:46052746:G>T	chr13:46052403-46052685:-	0.347
ABCA7		0.344	0.083	FALSE	TRUE	FALSE	FALSE	TRUE	TRUE	post_stim_only	chr19:1065563:G>C	chr19:1042397-1042465:+	0.344
MADD		0.343	0.125	FALSE	TRUE	FALSE	FALSE	TRUE	TRUE	post_stim_only	chr11:47290794:G>A	chr11:47326737-47326807:+	0.343
MYO5A	-0.171	0.343	-0.05	FALSE	TRUE	FALSE	TRUE	TRUE	TRUE	detected_after_stim	chr15:52317107:C>T	chr15:52343116-52343197:-	0.343
EMSY		-0.34	-0.342	FALSE	TRUE	TRUE	TRUE	TRUE	TRUE	detected_after_stim	chr11:76451921:G>A	chr11:76453388-76453931:+	0.342
ING3		-0.342		FALSE	TRUE	FALSE	FALSE	TRUE	FALSE	post_stim_only	chr7:120953355:G>A	chr7:120955624-120956159:+	0.342
CMPK1		0.079	-0.341	FALSE	FALSE	TRUE	TRUE	TRUE	TRUE	detected_after_stim	chr1:47368536:G>T	chr1:47377210-47378839:+	0.341
NLRP1	-0.341	0.009	0.012	TRUE	FALSE	FALSE	TRUE	TRUE	TRUE	detected_at_baseline_only	chr17:5499636:A>G	chr17:5501025-5501303:-	0.341
RASA1			-0.341	FALSE	FALSE	TRUE	TRUE	FALSE	TRUE	detected_after_stim	chr5:87386863:C>T	chr5:87366350-87366495:+	0.341
ZNF892		-0.164	-0.34	FALSE	FALSE	TRUE	FALSE	TRUE	TRUE	post_stim_only	chr2:95208694:G>A	chr2:95211617-95211720:+	0.34
DCAF13		-0.03	0.339	FALSE	FALSE	TRUE	FALSE	TRUE	TRUE	post_stim_only	chr8:103420316:A>G	chr8:103427252-103427430:+	0.339
MTOR			0.339	FALSE	FALSE	TRUE	FALSE	FALSE	TRUE	post_stim_only	chr1:11262507:C>G	chr1:11259423-11259450:-	0.339
DNM1		-0.337	0.085	FALSE	TRUE	FALSE	FALSE	TRUE	TRUE	post_stim_only	chr9:128218657:G>A	chr9:128222860-128223954:+	0.337
CUTA	0.07	0.336	0.139	FALSE	TRUE	FALSE	TRUE	TRUE	TRUE	detected_after_stim	chr6:33418109:A>G	chr6:33418070-33418086:-	0.336
ATP6V0A1		0.333		FALSE	TRUE	FALSE	FALSE	TRUE	FALSE	post_stim_only	chr17:42461422:T>C	chr17:42502793-42502868:+	0.333
CYB5R3			-0.333	FALSE	FALSE	TRUE	FALSE	FALSE	TRUE	post_stim_only	chr22:42619059:C>T	chr22:42636584-42636598:-	0.333
GMFB			0.333	FALSE	FALSE	TRUE	FALSE	FALSE	TRUE	post_stim_only	chr14:54488958:A>T	chr14:54481325-54481394:-	0.333
NDFIP2	0.333		-0.047	TRUE	FALSE	FALSE	TRUE	FALSE	TRUE	other	chr13:79520894:C>T	chr13:79553183-79553195:+	0.333
NIT1	0.333			TRUE	FALSE	FALSE	TRUE	FALSE	FALSE	other	chr1:161119518:C>A	chr1:161119492-161119508:+	0.333
NOP58	0.333	0.104	-0.156	TRUE	FALSE	FALSE	TRUE	TRUE	TRUE	detected_at_baseline_only	chr2:202265908:G>C	chr2:202284481-202284712:+	0.333
NUBP1		0.333		FALSE	TRUE	FALSE	FALSE	TRUE	FALSE	post_stim_only	chr16:10769106:A>G	chr16:10767948-10768032:+	0.333
TAF2		0.333		FALSE	TRUE	FALSE	FALSE	TRUE	FALSE	post_stim_only	chr8:119732158:C>T	chr8:119778018-119778129:-	0.333
ZNF292	-0.333	-0.129	-0.231	TRUE	FALSE	FALSE	TRUE	TRUE	TRUE	detected_at_baseline_only	chr6:87218751:G>A	chr6:87218731-87218760:+	0.333
AP2B1		0.131	0.33	FALSE	FALSE	TRUE	FALSE	TRUE	TRUE	post_stim_only	chr17:35723914:C>T	chr17:35670856-35670898:+	0.33
EIF3I	0.272	0.329	0.219	TRUE	TRUE	FALSE	TRUE	TRUE	TRUE	other	chr1:32224428:C>T	chr1:32221522-32221583:+	0.329
CNTN1	0.328	-0.062	-0.048	TRUE	FALSE	FALSE	TRUE	TRUE	TRUE	detected_at_baseline_only	chr12:41070200:G>A	chr12:40910072-40910105:+	0.328
LY6E	-0.328	-0.242		TRUE	FALSE	FALSE	TRUE	TRUE	FALSE	other	chr8:143018553:G>C	chr8:143018832-143019119:+	0.328
PPP2R2B	0.325			TRUE	FALSE	FALSE	TRUE	FALSE	FALSE	other	chr5:146878154:G>C	chr5:146878590-146878642:-	0.325
AGPS		-0.323	-0.262	FALSE	TRUE	FALSE	FALSE	TRUE	TRUE	post_stim_only	chr2:177513846:G>A	chr2:177539433-177539742:+	0.323
MTIF3	-0.067		0.321	FALSE	FALSE	TRUE	TRUE	FALSE	TRUE	detected_after_stim	chr13:27435713:G>A	chr13:27441016-27441077:-	0.321
ROGDI	-0.125	0.321	-0.046	FALSE	TRUE	FALSE	TRUE	TRUE	TRUE	detected_after_stim	chr16:4797045:C>T	chr16:4797840-4797861:-	0.321
RWDD1	-0.321			TRUE	FALSE	FALSE	TRUE	FALSE	FALSE	other	chr6:116590940:T>C	chr6:116572857-116572985:+	0.321
AKAP11			0.32	FALSE	FALSE	TRUE	TRUE	FALSE	TRUE	detected_after_stim	chr13:42298582:A>G	chr13:42285985-42286035:+	0.32
CYTOR			0.32	FALSE	FALSE	TRUE	FALSE	FALSE	TRUE	post_stim_only	chr2:87521508:G>A	chr2:87480222-87480362:+	0.32
SLC33A1			-0.32	FALSE	FALSE	TRUE	FALSE	FALSE	TRUE	post_stim_only	chr3:155842553:C>T	chr3:155827773-155827855:-	0.32
FKBP1A	-0.319			TRUE	FALSE	FALSE	TRUE	FALSE	FALSE	other	chr20:1392867:G>C	chr20:1371147-1372075:-	0.319
NSUN6	0.154	0.198	0.318	FALSE	FALSE	TRUE	TRUE	TRUE	TRUE	detected_after_stim	chr10:18651227:C>A	chr10:18648047-18648489:-	0.318
RRP1		0.072	-0.318	FALSE	FALSE	TRUE	FALSE	TRUE	TRUE	post_stim_only	chr21:43799642:T>C	chr21:43797360-43797421:+	0.318
TNRC6B	-0.318	-0.095	0.092	TRUE	FALSE	FALSE	TRUE	TRUE	TRUE	detected_at_baseline_only	chr22:40246080:G>A	chr22:40177879-40177924:+	0.318
WDR45B	-0.318	-0.185	-0.134	TRUE	TRUE	TRUE	TRUE	TRUE	TRUE	all_timepoints	chr17:82643963:C>T	chr17:82619094-82619128:-	0.318
LZTR1	-0.265	-0.03	0.317	FALSE	FALSE	TRUE	TRUE	TRUE	TRUE	detected_after_stim	chr22:20983035:G>A	chr22:20986174-20987162:+	0.317
STMN3		-0.317	0.054	FALSE	TRUE	FALSE	TRUE	TRUE	TRUE	detected_after_stim	chr20:63641057:G>A	chr20:63652572-63652766:-	0.317
ADAM22		-0.316		FALSE	TRUE	FALSE	FALSE	TRUE	FALSE	post_stim_only	chr7:88134404:G>A	chr7:87934755-87935025:+	0.316
ARCN1			0.316	FALSE	FALSE	TRUE	FALSE	FALSE	TRUE	post_stim_only	chr11:118590359:G>A	chr11:118581245-118581401:+	0.316
MIAT	-0.159	0	-0.316	FALSE	FALSE	TRUE	TRUE	TRUE	TRUE	detected_after_stim	chr22:26666220:C>A	chr22:26667184-26667310:+	0.316
NUTM2A-AS1		0.316	-0.067	FALSE	TRUE	FALSE	FALSE	TRUE	TRUE	post_stim_only	chr10:87326663:C>T	chr10:87208170-87208185:-	0.316
PCNP	0.316			TRUE	FALSE	FALSE	TRUE	FALSE	FALSE	other	chr3:101585495:T>C	chr3:101579588-101579647:+	0.316
PPM1K	-0.045	-0.316		FALSE	TRUE	FALSE	TRUE	TRUE	FALSE	detected_after_stim	chr4:88284507:G>T	chr4:88275144-88276695:-	0.316
SLC4A1AP	-0.145	-0.097	-0.314	FALSE	FALSE	TRUE	TRUE	TRUE	TRUE	detected_after_stim	chr2:27669307:G>A	chr2:27675531-27675607:+	0.314
HNRNPH3	0.313	-0.051	-0.016	TRUE	FALSE	FALSE	TRUE	TRUE	TRUE	detected_at_baseline_only	chr10:68332165:T>C	chr10:68332216-68332235:+	0.313
AP2A2	-0.312		-0.049	TRUE	FALSE	FALSE	TRUE	FALSE	TRUE	other	chr11:1010875:C>T	chr11:1002767-1003236:+	0.312
GAK		-0.036	0.312	FALSE	FALSE	TRUE	FALSE	TRUE	TRUE	post_stim_only	chr4:849395:G>A	chr4:868685-869957:-	0.312
HSPA9	0.312	-0.06	0.08	TRUE	FALSE	FALSE	TRUE	TRUE	TRUE	detected_at_baseline_only	chr5:138555419:C>G	chr5:138573762-138573776:-	0.312
POP5	0.118	0.148	0.312	FALSE	FALSE	TRUE	TRUE	TRUE	TRUE	detected_after_stim	chr12:120579325:T>C	chr12:120580995-120581114:-	0.312
SMC2	-0.114	-0.209	-0.312	FALSE	TRUE	TRUE	TRUE	TRUE	TRUE	detected_after_stim	chr9:104102182:G>A	chr9:104095298-104095323:+	0.312
THRAP3		0.311	0.1	FALSE	TRUE	FALSE	FALSE	TRUE	TRUE	post_stim_only	chr1:36301637:G>A	chr1:36225411-36225463:+	0.311
XPA	0.296	0.307	0.311	TRUE	TRUE	TRUE	TRUE	TRUE	TRUE	all_timepoints	chr9:97697295:T>C	chr9:97682199-97682430:-	0.311
CAP2			-0.308	FALSE	FALSE	TRUE	FALSE	FALSE	TRUE	post_stim_only	chr6:17543070:A>G	chr6:17507168-17507312:+	0.308
DLG1		0.308	-0.233	FALSE	TRUE	FALSE	FALSE	TRUE	TRUE	post_stim_only	chr3:197138370:C>T	chr3:197184131-197184190:-	0.308
ENSG00000291073		0.308	0.086	FALSE	TRUE	FALSE	FALSE	TRUE	TRUE	post_stim_only	chr16:21479529:T>C	chr16:21463536-21463702:-	0.308
MTMR6	0.083	0.016	0.308	FALSE	FALSE	TRUE	TRUE	TRUE	TRUE	detected_after_stim	chr13:25251750:T>C	chr13:25260573-25260687:-	0.308
NDUFA2	-0.211	-0.24	-0.308	FALSE	TRUE	TRUE	TRUE	TRUE	TRUE	detected_after_stim	chr5:140647630:T>C	chr5:140645678-140645725:-	0.308
SMG1	0.098	0.143	0.308	FALSE	FALSE	TRUE	TRUE	TRUE	TRUE	detected_after_stim	chr16:18863719:C>A	chr16:18857785-18858169:-	0.308
VPS8		-0.23	-0.306	FALSE	TRUE	TRUE	FALSE	TRUE	TRUE	post_stim_only	chr3:184812201:C>G	chr3:184815783-184815820:+	0.306
CLIP1	0	-0.305	-0.041	FALSE	TRUE	FALSE	TRUE	TRUE	TRUE	detected_after_stim	chr12:122380481:T>C	chr12:122351110-122351143:-	0.305
REXO2	-0.263	-0.186	-0.305	TRUE	TRUE	TRUE	TRUE	TRUE	TRUE	all_timepoints	chr11:114443914:T>C	chr11:114444540-114444585:+	0.305
EIF4E2	0.304			TRUE	FALSE	FALSE	TRUE	FALSE	FALSE	other	chr2:232567145:A>T	chr2:232568944-232569178:+	0.304
LINC03011		-0.304		FALSE	TRUE	FALSE	FALSE	TRUE	FALSE	post_stim_only	chr7:66495269:G>C	chr7:66494025-66494212:+	0.304
SUCO	-0.304	-0.093	-0.3	TRUE	FALSE	TRUE	TRUE	TRUE	TRUE	other	chr1:172569135:G>A	chr1:172585017-172585086:+	0.304
HMGN1	0.303	0.119		TRUE	FALSE	FALSE	TRUE	TRUE	FALSE	other	chr21:39348567:C>T	chr21:39347516-39347915:-	0.303
SMARCE1	0.302	0.263	0.229	TRUE	TRUE	TRUE	TRUE	TRUE	TRUE	all_timepoints	chr17:40645455:C>T	chr17:40645619-40645795:-	0.302
TMEM176B		-0.302	-0.033	FALSE	TRUE	FALSE	FALSE	TRUE	TRUE	post_stim_only	chr7:150793995:T>G	chr7:150800021-150800167:-	0.302
SACM1L		0.301		FALSE	TRUE	FALSE	TRUE	TRUE	TRUE	detected_after_stim	chr3:45706807:G>A	chr3:45735234-45735245:+	0.301
AASDH			0.3	FALSE	FALSE	TRUE	FALSE	FALSE	TRUE	post_stim_only	chr4:56378322:C>T	chr4:56382476-56382507:-	0.3
KANSL1	-0.265	-0.2	-0.296	TRUE	TRUE	TRUE	TRUE	TRUE	TRUE	all_timepoints	chr17:46171991:C>T	chr17:46170276-46170854:-	0.296
ANKRD36C	0.294	0.044	-0.009	TRUE	FALSE	FALSE	TRUE	TRUE	TRUE	detected_at_baseline_only	chr2:95991826:A>G	chr2:95938828-95938901:-	0.294
SPCS3	0.166	0.128	0.292	TRUE	TRUE	TRUE	TRUE	TRUE	TRUE	all_timepoints	chr4:176319984:C>T	chr4:176320219-176322169:+	0.292
TMEM25		-0.292	0.087	FALSE	TRUE	FALSE	FALSE	TRUE	TRUE	post_stim_only	chr11:118532395:A>G	chr11:118531572-118531601:+	0.292
CISD2		-0.29		FALSE	TRUE	FALSE	FALSE	TRUE	FALSE	post_stim_only	chr4:102888487:T>G	chr4:102869321-102869335:+	0.29
EIF2AK1		0.29		FALSE	TRUE	FALSE	FALSE	TRUE	FALSE	post_stim_only	chr7:6046116:A>TTTTTTT	chr7:6058147-6058242:-	0.29
PDPK1			0.288	FALSE	FALSE	TRUE	FALSE	FALSE	TRUE	post_stim_only	chr16:2565613:A>G	chr16:2538163-2538501:+	0.288
STXBP1	-0.288	0.072	0.043	TRUE	FALSE	FALSE	TRUE	TRUE	TRUE	detected_at_baseline_only	chr9:127691033:G>A	chr9:127654941-127654964:+	0.288
ANXA6		-0.1	-0.286	FALSE	FALSE	TRUE	FALSE	TRUE	TRUE	post_stim_only	chr5:151138697:C>T	chr5:151134426-151134483:-	0.286
ARFGAP3		0.286		FALSE	TRUE	FALSE	FALSE	TRUE	FALSE	post_stim_only	chr22:42823679:C>T	chr22:42810812-42810944:-	0.286
RAI14	0.286	-0.08	0.005	TRUE	FALSE	FALSE	TRUE	TRUE	TRUE	detected_at_baseline_only	chr5:34656421:G>C	chr5:34687151-34687249:+	0.286
SPATA6	0.3	0.286		FALSE	TRUE	FALSE	TRUE	TRUE	FALSE	detected_after_stim	chr1:48399566:C>T	chr1:48451551-48451586:-	0.286
KCNB2	-0.216	-0.249	-0.283	TRUE	TRUE	TRUE	TRUE	TRUE	TRUE	all_timepoints	chr8:72568169:G>A	chr8:72568313-72568454:+	0.283
CHST8	0.024	-0.281		FALSE	TRUE	FALSE	TRUE	TRUE	FALSE	detected_after_stim	chr19:33773448:G>A	chr19:33667766-33667818:+	0.281
DPP7			-0.281	FALSE	FALSE	TRUE	FALSE	FALSE	TRUE	post_stim_only	chr9:137114297:G>C	chr9:137114576-137114646:-	0.281
ANKRD17	-0.28	-0.078		TRUE	FALSE	FALSE	TRUE	TRUE	FALSE	other	chr4:73098380:G>T	chr4:73102547-73102779:-	0.28
ENY2	-0.279			TRUE	FALSE	FALSE	TRUE	FALSE	FALSE	other	chr8:109334334:T>G	chr8:109334406-109334474:+	0.279
GFM2		-0.278		FALSE	TRUE	FALSE	FALSE	TRUE	FALSE	post_stim_only	chr5:74750638:C>T	chr5:74738501-74738642:-	0.278
ISYNA1	-0.278		-0.018	TRUE	FALSE	FALSE	TRUE	FALSE	TRUE	other	chr19:18434975:G>T	chr19:18437105-18437309:-	0.278
NME7			-0.278	FALSE	FALSE	TRUE	FALSE	FALSE	TRUE	post_stim_only	chr1:169303174:T>C	chr1:169324469-169324500:-	0.278
NUP88		-0.188	0.278	FALSE	FALSE	TRUE	FALSE	TRUE	TRUE	post_stim_only	chr17:5388941:C>T	chr17:5419353-5419385:-	0.278
RPL28	0.148	0.105	0.278	FALSE	FALSE	TRUE	TRUE	TRUE	TRUE	detected_after_stim	chr19:55385958:A>G	chr19:55392085-55392100:+	0.278
SFT2D1			-0.278	FALSE	FALSE	TRUE	FALSE	FALSE	TRUE	post_stim_only	chr6:166326158:G>C	chr6:166331384-166331407:-	0.278
SSBP2		0.278	0.064	FALSE	TRUE	FALSE	FALSE	TRUE	TRUE	post_stim_only	chr5:81440624:A>G	chr5:81513627-81513717:-	0.278
MYT1L	0.143	0.185	-0.277	FALSE	FALSE	TRUE	TRUE	TRUE	TRUE	detected_after_stim	chr2:1943304:C>T	chr2:1791262-1791872:-	0.277
YWHAH	0.15	0.274	0.204	FALSE	TRUE	TRUE	TRUE	TRUE	TRUE	detected_after_stim	chr22:31956281:G>A	chr22:31945499-31945556:+	0.274
ADK		-0.273	0.069	FALSE	TRUE	FALSE	TRUE	TRUE	TRUE	detected_after_stim	chr10:74176852:C>T	chr10:74339144-74339240:+	0.273
KIF21A	-0.273			TRUE	FALSE	FALSE	TRUE	FALSE	FALSE	other	chr12:39319990:C>T	chr12:39333211-39333245:-	0.273
TP53BP1		-0.057	-0.273	FALSE	FALSE	TRUE	FALSE	TRUE	TRUE	post_stim_only	chr15:43428028:C>T	chr15:43446765-43446910:-	0.273
AHI1	-0.052	-0.235	-0.271	FALSE	TRUE	TRUE	TRUE	TRUE	TRUE	detected_after_stim	chr6:135465851:C>T	chr6:135495813-135495898:-	0.271
SKIC3	-0.172	0.271		FALSE	TRUE	FALSE	TRUE	TRUE	FALSE	detected_after_stim	chr5:95517174:C>T	chr5:95516750-95516910:-	0.271
C9orf72	0.008	0.025	0.269	FALSE	FALSE	TRUE	TRUE	TRUE	TRUE	detected_after_stim	chr9:27567146:C>T	chr9:27573494-27573506:-	0.269
DDX52		-0.05	-0.269	FALSE	FALSE	TRUE	FALSE	TRUE	TRUE	post_stim_only	chr17:37633292:C>T	chr17:37620948-37621126:-	0.269
FBXL5	0.269	0.163	0.166	TRUE	TRUE	TRUE	TRUE	TRUE	TRUE	all_timepoints	chr4:15638634:C>T	chr4:15630627-15630665:-	0.269
FNDC5	-0.043	0.269		FALSE	TRUE	FALSE	TRUE	TRUE	FALSE	detected_after_stim	chr1:32864455:C>T	chr1:32864448-32864663:-	0.269
SFXN4		0.269		FALSE	TRUE	FALSE	FALSE	TRUE	FALSE	post_stim_only	chr10:119140918:C>T	chr10:119165201-119165536:-	0.269
STK33		-0.269		FALSE	TRUE	FALSE	FALSE	TRUE	FALSE	post_stim_only	chr11:8474721:C>T	chr11:8477249-8477283:-	0.269
AIMP1	0.267			TRUE	FALSE	FALSE	TRUE	FALSE	FALSE	other	chr4:106328238:G>A	chr4:106324984-106325118:+	0.267
CROT		-0.266		FALSE	TRUE	FALSE	TRUE	TRUE	FALSE	detected_after_stim	chr7:87359322:G>A	chr7:87359330-87360116:+	0.266
NAP1L1	0.1	0.266	0.13	FALSE	TRUE	TRUE	TRUE	TRUE	TRUE	detected_after_stim	chr12:76084685:A>C	chr12:76068908-76068993:-	0.266
MAPT	0.057	-0.265	-0.048	FALSE	TRUE	FALSE	TRUE	TRUE	TRUE	detected_after_stim	chr17:45996606:T>C	chr17:46024659-46024699:+	0.265
LINS1		0.182	0.263	FALSE	FALSE	TRUE	FALSE	TRUE	TRUE	post_stim_only	chr15:100580757:T>C	chr15:100574815-100574986:-	0.263
PEA15	0.1	0.262		FALSE	TRUE	FALSE	TRUE	TRUE	FALSE	detected_after_stim	chr1:160213167:T>G	chr1:160211286-160211314:+	0.262
TOR1AIP1		-0.262	-0.063	FALSE	TRUE	FALSE	FALSE	TRUE	TRUE	post_stim_only	chr1:179882938:T>C	chr1:179884769-179884810:+	0.262
ZNF721	-0.137	-0.071	-0.262	FALSE	FALSE	TRUE	TRUE	TRUE	TRUE	detected_after_stim	chr4:474106:G>C	chr4:473980-474051:-	0.262
ASB3	0.261	0.054	-0.025	TRUE	FALSE	FALSE	TRUE	TRUE	TRUE	detected_at_baseline_only	chr2:53670387:C>G	chr2:53786284-53786820:-	0.261
BRD2	0.159	0.075	0.261	FALSE	FALSE	TRUE	TRUE	TRUE	TRUE	detected_after_stim	chr6:32976316:G>C	chr6:32975521-32976030:+	0.261
OIP5-AS1	0.212	0.222	0.26	FALSE	TRUE	TRUE	TRUE	TRUE	TRUE	detected_after_stim	chr15:41286260:G>A	chr15:41285363-41285461:+	0.26
ZNF141		-0.259	0.013	FALSE	TRUE	FALSE	FALSE	TRUE	TRUE	post_stim_only	chr4:337950:G>T	chr4:358207-358550:+	0.259
YEATS4	-0.257	-0.172		TRUE	TRUE	FALSE	TRUE	TRUE	TRUE	other	chr12:69362843:G>A	chr12:69365632-69365699:+	0.257
PKM			0.256	FALSE	FALSE	TRUE	FALSE	FALSE	TRUE	post_stim_only	chr15:72202611:A>T	chr15:72209844-72209859:-	0.256
HBS1L		0.253	0.053	FALSE	TRUE	FALSE	FALSE	TRUE	TRUE	post_stim_only	chr6:134966394:A>G	chr6:135026853-135026863:-	0.253
SPTAN1	0.223	0.253	-0.034	FALSE	TRUE	FALSE	TRUE	TRUE	TRUE	detected_after_stim	chr9:128598470:C>T	chr9:128555348-128555399:+	0.253
SERBP1	-0.252			TRUE	FALSE	FALSE	TRUE	FALSE	FALSE	other	chr1:67424267:A>C	chr1:67424284-67424322:-	0.252
ILK	0.251			TRUE	FALSE	FALSE	TRUE	FALSE	FALSE	other	chr11:6610467:T>C	chr11:6603822-6604179:+	0.251
CCAR1	0.105	0.016	0.25	FALSE	FALSE	TRUE	TRUE	TRUE	TRUE	detected_after_stim	chr10:68742530:G>A	chr10:68737844-68737889:+	0.25
CCDC82		-0.021	0.25	FALSE	FALSE	TRUE	FALSE	TRUE	TRUE	post_stim_only	chr11:96383279:T>C	chr11:96386253-96386293:-	0.25
CCDC90B		0.122	-0.25	FALSE	FALSE	TRUE	FALSE	TRUE	TRUE	post_stim_only	chr11:83261961:C>T	chr11:83286014-83286085:-	0.25
DNM1L		0.146	-0.25	FALSE	FALSE	TRUE	FALSE	TRUE	TRUE	post_stim_only	chr12:32722471:A>G	chr12:32706689-32706814:+	0.25
FCF1	-0.25	-0.158		TRUE	TRUE	FALSE	TRUE	TRUE	FALSE	other	chr14:74716091:T>C	chr14:74715820-74715950:+	0.25
FNTA	0	-0.031	-0.25	FALSE	FALSE	TRUE	TRUE	TRUE	TRUE	detected_after_stim	chr8:43056531:C>G	chr8:43085458-43085506:+	0.25
GNL3	0.25	0.022	-0.001	TRUE	FALSE	FALSE	TRUE	TRUE	TRUE	detected_at_baseline_only	chr3:52687288:G>A	chr3:52688192-52688206:+	0.25
GTF2IRD1		0.13	0.25	FALSE	FALSE	TRUE	FALSE	TRUE	TRUE	post_stim_only	chr7:74602590:G>A	chr7:74555392-74555437:+	0.25
HLA-B	0.25		0.1	TRUE	FALSE	FALSE	TRUE	FALSE	TRUE	other	chr6:31355455:A>G	chr6:31355737-31355802:-	0.25
HS2ST1		0.25	0.074	FALSE	TRUE	FALSE	FALSE	TRUE	TRUE	post_stim_only	chr1:86914947:C>T	chr1:86974911-86975043:+	0.25
PPA2			0.25	FALSE	FALSE	TRUE	FALSE	FALSE	TRUE	post_stim_only	chr4:105438000:C>T	chr4:105456247-105456291:-	0.25
PTPRO			0.25	FALSE	FALSE	TRUE	FALSE	FALSE	TRUE	post_stim_only	chr12:15526185:C>A	chr12:15322892-15323078:+	0.25
UBE2V2	-0.218	-0.17	-0.25	TRUE	TRUE	TRUE	TRUE	TRUE	TRUE	all_timepoints	chr8:48008429:C>G	chr8:48034865-48035061:+	0.25
WASF1	-0.25			TRUE	FALSE	FALSE	TRUE	FALSE	FALSE	other	chr6:110179520:G>A	chr6:110127446-110127468:-	0.25
MALAT1	0.245	-0.006	-0.207	TRUE	FALSE	FALSE	TRUE	TRUE	TRUE	detected_at_baseline_only	chr11:65503658:A>G	chr11:65505186-65505278:+	0.245
FNDC3A		-0.075	-0.244	FALSE	FALSE	TRUE	TRUE	TRUE	TRUE	detected_after_stim	chr13:49191101:G>A	chr13:49191109-49191120:+	0.244
PBX3	-0.076	-0.244	-0.065	FALSE	TRUE	FALSE	TRUE	TRUE	TRUE	detected_after_stim	chr9:125915817:C>T	chr9:125748198-125748428:+	0.244
CANX	0.241	-0.044	0.028	TRUE	FALSE	FALSE	TRUE	TRUE	TRUE	detected_at_baseline_only	chr5:179729447:T>C	chr5:179699574-179699770:+	0.241
TMCO3	0.109	-0.241	-0.076	FALSE	TRUE	FALSE	TRUE	TRUE	TRUE	detected_after_stim	chr13:113495575:T>C	chr13:113539356-113539482:+	0.241
SCFD1	0.052	0.035	-0.24	FALSE	FALSE	TRUE	TRUE	TRUE	TRUE	detected_after_stim	chr14:30630531:A>G	chr14:30719324-30719377:+	0.24
ATP9B	0.238		-0.29	TRUE	FALSE	FALSE	TRUE	FALSE	TRUE	other	chr18:79110396:G>A	chr18:79213961-79214034:+	0.238
DST	-0.238	0.051	-0.03	TRUE	FALSE	FALSE	TRUE	TRUE	TRUE	detected_at_baseline_only	chr6:56572103:C>T	chr6:56843153-56843197:-	0.238
GPM6A		0.238		FALSE	TRUE	FALSE	FALSE	TRUE	FALSE	post_stim_only	chr4:175634535:C>T	chr4:175787335-175787387:-	0.238
POLR3F		-0.238		FALSE	TRUE	FALSE	FALSE	TRUE	FALSE	post_stim_only	chr20:18473415:G>A	chr20:18467568-18467671:+	0.238
SNHG21		0.173	0.238	FALSE	FALSE	TRUE	FALSE	TRUE	TRUE	post_stim_only	chr15:82754740:C>T	chr15:82754784-82754937:+	0.238
RMND1	-0.25	0.235	0	FALSE	TRUE	FALSE	TRUE	TRUE	TRUE	detected_after_stim	chr6:151452070:C>G	chr6:151429935-151430137:-	0.235
SRP72	-0.235	-0.017	0.043	TRUE	FALSE	FALSE	TRUE	TRUE	TRUE	detected_at_baseline_only	chr4:56467655:G>T	chr4:56478378-56478503:+	0.235
PEPD	-0.027	-0.137	-0.232	FALSE	FALSE	TRUE	TRUE	TRUE	TRUE	detected_after_stim	chr19:33387132:A>G	chr19:33486902-33487075:-	0.232
UBE2D1		0.232		FALSE	TRUE	FALSE	FALSE	TRUE	FALSE	post_stim_only	chr10:58368011:G>A	chr10:58361494-58361526:+	0.232
CNBP	0.231			TRUE	FALSE	FALSE	TRUE	FALSE	FALSE	other	chr3:129170458:T>A	chr3:129171633-129171651:-	0.231
RPS26			-0.231	FALSE	FALSE	TRUE	FALSE	FALSE	TRUE	post_stim_only	chr12:56042135:C>G	chr12:56042064-56042132:+	0.231
SLC16A3			0.231	FALSE	FALSE	TRUE	FALSE	FALSE	TRUE	post_stim_only	chr17:82239392:G>A	chr17:82235000-82235052:+	0.231
R3HCC1L	0.103	0.05	0.23	FALSE	FALSE	TRUE	TRUE	TRUE	TRUE	detected_after_stim	chr10:98208270:G>A	chr10:98162882-98162975:+	0.23
R3HDM2		0.082	0.23	FALSE	FALSE	TRUE	FALSE	TRUE	TRUE	post_stim_only	chr12:57310376:C>T	chr12:57342168-57342479:-	0.23
HSD17B4		0.229	-0.018	FALSE	TRUE	FALSE	TRUE	TRUE	TRUE	detected_after_stim	chr5:119475837:G>A	chr5:119452752-119452765:+	0.229
KIF1B	-0.229	0.035	0.044	TRUE	FALSE	FALSE	TRUE	TRUE	TRUE	detected_at_baseline_only	chr1:10258593:C>G	chr1:10306757-10308597:+	0.229
NKTR	0.235	0.229		FALSE	TRUE	FALSE	TRUE	TRUE	FALSE	detected_after_stim	chr3:42637000:G>A	chr3:42633208-42633579:+	0.229
FBXO7			0.227	FALSE	FALSE	TRUE	FALSE	FALSE	TRUE	post_stim_only	chr22:32479202:G>A	chr22:32478980-32479104:+	0.227
PEMT	0.227	-0.053	0.033	TRUE	FALSE	FALSE	TRUE	TRUE	TRUE	detected_at_baseline_only	chr17:17506245:C>T	chr17:17591530-17591596:-	0.227
PIK3C2A			0.227	FALSE	FALSE	TRUE	FALSE	FALSE	TRUE	post_stim_only	chr11:17169556:C>T	chr11:17204306-17204375:-	0.227
SYT1	0.067	0.227	0.034	FALSE	TRUE	FALSE	TRUE	TRUE	TRUE	detected_after_stim	chr12:79448928:G>T	chr12:78868771-78868911:+	0.227
GNG8	-0.226	-0.138	0.056	TRUE	FALSE	FALSE	TRUE	TRUE	TRUE	detected_at_baseline_only	chr19:46634714:G>A	chr19:46635023-46635094:-	0.226
KRT8	0.181	0.226	0.151	FALSE	TRUE	TRUE	TRUE	TRUE	TRUE	detected_after_stim	chr12:52905050:T>G	chr12:52900683-52901158:-	0.226
MGA			-0.226	FALSE	FALSE	TRUE	FALSE	FALSE	TRUE	post_stim_only	chr15:41762203:G>A	chr15:41736368-41736698:+	0.226
NCS1	0.175	0.226	0.223	FALSE	TRUE	TRUE	TRUE	TRUE	TRUE	detected_after_stim	chr9:130233333:G>A	chr9:130200431-130200611:+	0.226
RRP15	-0.089	-0.055	-0.226	FALSE	FALSE	TRUE	TRUE	TRUE	TRUE	detected_after_stim	chr1:218302520:G>A	chr1:218302559-218302671:+	0.226
SPAST	0.226	0.085	-0.069	TRUE	FALSE	FALSE	TRUE	TRUE	TRUE	detected_at_baseline_only	chr2:32115760:G>A	chr2:32098800-32098862:+	0.226
SUPT5H	-0.225	0.02	-0.023	TRUE	FALSE	FALSE	TRUE	TRUE	TRUE	detected_at_baseline_only	chr19:39445861:G>A	chr19:39445683-39445803:+	0.225
CDC34		0.033	-0.224	FALSE	FALSE	TRUE	FALSE	TRUE	TRUE	post_stim_only	chr19:541684:C>T	chr19:537651-540192:+	0.224
GHITM	0.223	0.016		TRUE	FALSE	FALSE	TRUE	TRUE	FALSE	other	chr10:84139590:G>T	chr10:84139595-84139666:+	0.223
ARF1	0.222	0.204	0.201	TRUE	TRUE	TRUE	TRUE	TRUE	TRUE	all_timepoints	chr1:228098261:G>A	chr1:228082790-228082850:+	0.222
EBNA1BP2	-0.222	-0.067		TRUE	FALSE	FALSE	TRUE	TRUE	FALSE	other	chr1:43172260:T>C	chr1:43172268-43172279:-	0.222
NSFL1C	0.222	-0.029	-0.013	TRUE	FALSE	FALSE	TRUE	TRUE	TRUE	detected_at_baseline_only	chr20:1445747:C>T	chr20:1464328-1464426:-	0.222
TXNRD1		0.222	-0.078	FALSE	TRUE	FALSE	FALSE	TRUE	TRUE	post_stim_only	chr12:104287003:C>G	chr12:104290992-104291104:+	0.222
ANXA2	0.023	-0.218	0.035	FALSE	TRUE	FALSE	TRUE	TRUE	TRUE	detected_after_stim	chr15:60347334:C>T	chr15:60398114-60398157:-	0.218
RPS20	-0.218			TRUE	FALSE	FALSE	TRUE	FALSE	FALSE	other	chr8:56073081:T>C	chr8:56067439-56067519:-	0.218
CETN3		0.217		FALSE	TRUE	FALSE	FALSE	TRUE	FALSE	post_stim_only	chr5:90405715:C>G	chr5:90396492-90396564:-	0.217
CD46	-0.182	-0.215	0.051	FALSE	TRUE	FALSE	TRUE	TRUE	TRUE	detected_after_stim	chr1:207752052:C>G	chr1:207790252-207790345:+	0.215
DYNC1H1	0.04	-0.214	0.038	FALSE	TRUE	FALSE	TRUE	TRUE	TRUE	detected_after_stim	chr14:101997069:A>G	chr14:102018450-102018511:+	0.214
HNRNPK	-0.198	-0.182	-0.214	TRUE	TRUE	TRUE	TRUE	TRUE	TRUE	all_timepoints	chr9:83980154:C>T	chr9:83980118-83980152:-	0.214
SORBS2	0.033	-0.214	-0.151	FALSE	TRUE	TRUE	TRUE	TRUE	TRUE	detected_after_stim	chr4:185956231:G>A	chr4:185925648-185925714:-	0.214
TAMM41		0.214		FALSE	TRUE	FALSE	FALSE	TRUE	FALSE	post_stim_only	chr3:11846516:C>G	chr3:11844907-11845096:-	0.214
DTD1	-0.189	-0.132	-0.212	FALSE	FALSE	TRUE	TRUE	TRUE	TRUE	detected_after_stim	chr20:18763738:T>C	chr20:18620066-18620113:+	0.212
IRAK1BP1	0.031	-0.212	-0.059	FALSE	TRUE	FALSE	TRUE	TRUE	TRUE	detected_after_stim	chr6:78885379:A>G	chr6:78898063-78898191:+	0.212
STK25	0.102	0.06	-0.212	FALSE	FALSE	TRUE	TRUE	TRUE	TRUE	detected_after_stim	chr2:241495393:G>T	chr2:241508442-241508504:-	0.212
STX2		-0.028	-0.212	FALSE	FALSE	TRUE	FALSE	TRUE	TRUE	post_stim_only	chr12:130839093:C>G	chr12:130825041-130825088:-	0.212
ASRGL1	-0.211	0.043	-0.054	TRUE	FALSE	FALSE	TRUE	TRUE	TRUE	detected_at_baseline_only	chr11:62337539:T>G	chr11:62356324-62356467:+	0.211
PBRM1		0.211	-0.033	FALSE	TRUE	FALSE	FALSE	TRUE	TRUE	post_stim_only	chr3:52627278:C>T	chr3:52554723-52554782:-	0.211
USP8	0.121	0.089	0.211	FALSE	FALSE	TRUE	TRUE	TRUE	TRUE	detected_after_stim	chr15:50439015:G>C	chr15:50432337-50432499:+	0.211
ANKRD26	0.126	0.129	0.21	FALSE	TRUE	TRUE	TRUE	TRUE	TRUE	detected_after_stim	chr10:27092443:C>T	chr10:27092957-27093081:-	0.21
AP1G1	-0.064	0	-0.209	FALSE	FALSE	TRUE	TRUE	TRUE	TRUE	detected_after_stim	chr16:71773328:C>A	chr16:71806685-71806728:-	0.209
RARS1	-0.209	-0.037	0.004	TRUE	FALSE	FALSE	TRUE	TRUE	TRUE	detected_at_baseline_only	chr5:168492720:A>G	chr5:168494650-168494736:+	0.209
SSR1	-0.006	-0.14	-0.209	FALSE	FALSE	TRUE	TRUE	TRUE	TRUE	detected_after_stim	chr6:7310025:A>G	chr6:7281142-7287569:-	0.209
RCOR3		0.074	0.208	FALSE	FALSE	TRUE	FALSE	TRUE	TRUE	post_stim_only	chr1:211279301:GAAGCC>AAA	chr1:211271527-211271570:+	0.208
SPATS2		0.208	0.05	FALSE	TRUE	FALSE	FALSE	TRUE	TRUE	post_stim_only	chr12:49490724:G>A	chr12:49371227-49371290:+	0.208
MED24	-0.056	0.206	-0.083	FALSE	TRUE	FALSE	TRUE	TRUE	TRUE	detected_after_stim	chr17:40019299:C>T	chr17:40023395-40023592:-	0.206
NEO1	0.085	0.114	0.206	FALSE	TRUE	TRUE	TRUE	TRUE	TRUE	detected_after_stim	chr15:73283105:G>A	chr15:73274691-73274724:+	0.206
POLR3D	-0.105	0.025	-0.206	FALSE	FALSE	TRUE	TRUE	TRUE	TRUE	detected_after_stim	chr8:22247988:T>C	chr8:22248008-22248153:+	0.206
CHD9	0.194	0.205	0.185	TRUE	TRUE	TRUE	TRUE	TRUE	TRUE	all_timepoints	chr16:53226393:G>A	chr16:53207988-53208031:+	0.205
SMARCAD1	-0.095	-0.004	0.203	FALSE	FALSE	TRUE	TRUE	TRUE	TRUE	detected_after_stim	chr4:94252627:T>C	chr4:94207865-94208070:+	0.203
GOLT1B	-0.176	-0.202	0.019	FALSE	TRUE	FALSE	TRUE	TRUE	TRUE	detected_after_stim	chr12:21501896:G>T	chr12:21507116-21507151:+	0.202
LSM5	0.001		-0.202	FALSE	FALSE	TRUE	TRUE	FALSE	TRUE	detected_after_stim	chr7:32490323:G>C	chr7:32490130-32490319:-	0.202
MICU2	-0.122	-0.202	0.088	FALSE	TRUE	FALSE	TRUE	TRUE	TRUE	detected_after_stim	chr13:21604118:C>T	chr13:21520567-21521244:-	0.202
RANBP2	0.228		-0.202	FALSE	FALSE	TRUE	TRUE	FALSE	TRUE	detected_after_stim	chr2:108719561:C>T	chr2:108751445-108751527:+	0.202
CHD2		-0.051	0.2	FALSE	FALSE	TRUE	FALSE	TRUE	TRUE	post_stim_only	chr15:93002201:T>C	chr15:92998137-92998148:+	0.2
CNDP2			-0.2	FALSE	FALSE	TRUE	FALSE	FALSE	TRUE	post_stim_only	chr18:74501372:G>A	chr18:74508928-74509138:+	0.2
MAIP1		0.2	0.056	FALSE	TRUE	FALSE	FALSE	TRUE	TRUE	post_stim_only	chr2:199955927:C>T	chr2:199961780-199961826:+	0.2
MTHFS		-0.085	0.2	FALSE	FALSE	TRUE	FALSE	TRUE	TRUE	post_stim_only	chr15:79845217:T>C	chr15:79889092-79889170:-	0.2
WAPL		0.083	0.2	FALSE	FALSE	TRUE	FALSE	TRUE	TRUE	post_stim_only	chr10:86467340:C>T	chr10:86451966-86452131:-	0.2
DPCD	-0.038	-0.199	-0.029	FALSE	TRUE	FALSE	TRUE	TRUE	TRUE	detected_after_stim	chr10:101601330:C>T	chr10:101605139-101605212:+	0.199
POLR3A	-0.199	-0.067	0.007	TRUE	FALSE	FALSE	TRUE	TRUE	TRUE	detected_at_baseline_only	chr10:78025028:C>T	chr10:78020528-78020619:-	0.199
LINC00888		0.012	-0.198	FALSE	FALSE	TRUE	TRUE	TRUE	TRUE	detected_after_stim	chr3:183452353:C>T	chr3:183452457-183452512:+	0.198
PABPC1		0.198		FALSE	TRUE	FALSE	FALSE	TRUE	FALSE	post_stim_only	chr8:100713092:T>C	chr8:100712789-100713086:-	0.198
SNHG16	0.064	-0.198	-0.029	FALSE	TRUE	FALSE	TRUE	TRUE	TRUE	detected_after_stim	chr17:76563204:T>C	chr17:76557969-76558279:+	0.198
UBXN1	0.198			TRUE	FALSE	FALSE	TRUE	FALSE	FALSE	other	chr11:62678896:A>G	chr11:62676639-62676812:-	0.198
GDAP1	-0.047	-0.197	0.03	FALSE	TRUE	FALSE	TRUE	TRUE	TRUE	detected_after_stim	chr8:74361905:T>G	chr8:74363987-74364163:+	0.197
MRPS34	0.197	0.159	0.107	TRUE	TRUE	FALSE	TRUE	TRUE	TRUE	other	chr16:1772157:T>C	chr16:1772646-1772698:-	0.197
VSNL1	0.103	-0.196	0.031	FALSE	TRUE	FALSE	TRUE	TRUE	TRUE	detected_after_stim	chr2:17540774:G>A	chr2:17592236-17592374:+	0.196
OCIAD1	-0.147	-0.05	-0.194	FALSE	FALSE	TRUE	TRUE	TRUE	TRUE	detected_after_stim	chr4:48861171:T>C	chr4:48831065-48831081:+	0.194
PPP2R3C		0.194	0.032	FALSE	TRUE	FALSE	FALSE	TRUE	TRUE	post_stim_only	chr14:35121967:T>C	chr14:35095047-35095131:-	0.194
CCNH	0.059	0.193	-0.038	FALSE	TRUE	FALSE	TRUE	TRUE	TRUE	detected_after_stim	chr5:87399456:A>G	chr5:87394484-87395043:-	0.193
NUCB2	0.193	0	-0.015	TRUE	FALSE	FALSE	TRUE	TRUE	TRUE	detected_at_baseline_only	chr11:17276817:G>C	chr11:17286633-17286713:+	0.193
CHD1		0.192	-0.066	FALSE	TRUE	FALSE	FALSE	TRUE	TRUE	post_stim_only	chr5:98928690:G>A	chr5:98925881-98925981:-	0.192
LAMTOR1	0.148	0.114	0.191	FALSE	FALSE	TRUE	TRUE	TRUE	TRUE	detected_after_stim	chr11:72103234:G>C	chr11:72097914-72098288:-	0.191
LYRM2	0.19	0.061	-0.092	TRUE	FALSE	FALSE	TRUE	TRUE	TRUE	detected_at_baseline_only	chr6:89637791:T>C	chr6:89636175-89636637:-	0.19
PLEKHB2		0	0.19	FALSE	FALSE	TRUE	FALSE	TRUE	TRUE	post_stim_only	chr2:131147722:A>G	chr2:131130720-131130760:+	0.19
MEAF6	0.056	0.052	0.189	FALSE	FALSE	TRUE	TRUE	TRUE	TRUE	detected_after_stim	chr1:37493897:G>C	chr1:37496706-37496736:-	0.189
AIG1		-0.188		FALSE	TRUE	FALSE	FALSE	TRUE	FALSE	post_stim_only	chr6:143060972:T>C	chr6:143061213-143061606:+	0.188
GLOD4		0.018	0.188	FALSE	FALSE	TRUE	FALSE	TRUE	TRUE	post_stim_only	chr17:769949:T>A	chr17:778694-778744:-	0.188
RBM22			0.188	FALSE	FALSE	TRUE	FALSE	TRUE	TRUE	post_stim_only	chr5:150693284:C>T	chr5:150700497-150700621:-	0.188
ZMPSTE24		0.188		FALSE	TRUE	FALSE	FALSE	TRUE	FALSE	post_stim_only	chr1:40290879:A>T	chr1:40290644-40290853:+	0.188
ENO2	0.108	0.187	-0.029	FALSE	TRUE	FALSE	TRUE	TRUE	TRUE	detected_after_stim	chr12:6923089:C>T	chr12:6917580-6917709:+	0.187
PNISR	-0.187		-0.08	TRUE	FALSE	FALSE	TRUE	FALSE	TRUE	other	chr6:99408145:C>T	chr6:99400311-99400543:-	0.187
TRIM37	-0.034	0.058	-0.186	FALSE	FALSE	TRUE	TRUE	TRUE	TRUE	detected_after_stim	chr17:59088306:C>T	chr17:59104292-59104394:-	0.186
ZNF252P	0.186	0.091	0.048	TRUE	FALSE	FALSE	TRUE	TRUE	TRUE	detected_at_baseline_only	chr8:144996456:C>T	chr8:145002531-145002784:-	0.186
STAG1		-0.184	-0.152	FALSE	TRUE	FALSE	FALSE	TRUE	TRUE	post_stim_only	chr3:136623173:C>T	chr3:136363365-136363467:-	0.184
NNT		-0.183		FALSE	TRUE	FALSE	FALSE	TRUE	FALSE	post_stim_only	chr5:43615974:G>A	chr5:43619031-43619084:+	0.183
FGD4	-0.083	-0.182		FALSE	TRUE	FALSE	TRUE	TRUE	FALSE	detected_after_stim	chr12:32576399:G>A	chr12:32556873-32556995:+	0.182
GGCT	0.048	-0.182	0	FALSE	TRUE	FALSE	TRUE	TRUE	TRUE	detected_after_stim	chr7:30497199:C>T	chr7:30497740-30497896:-	0.182
TSTD2	0.059	0.182	0.033	FALSE	TRUE	FALSE	TRUE	TRUE	TRUE	detected_after_stim	chr9:97627421:C>T	chr9:97627115-97627305:-	0.182
HSPH1	0.088	0.131	0.181	FALSE	FALSE	TRUE	TRUE	TRUE	TRUE	detected_after_stim	chr13:31137181:C>T	chr13:31161904-31161927:-	0.181
AMZ2		0.179	0.013	FALSE	TRUE	FALSE	FALSE	TRUE	TRUE	post_stim_only	chr17:68256953:T>A	chr17:68249199-68250017:+	0.179
ATAD1		-0.179		FALSE	TRUE	FALSE	FALSE	TRUE	FALSE	post_stim_only	chr10:87790352:C>T	chr10:87770951-87771041:-	0.179
CTSB			-0.179	FALSE	FALSE	TRUE	FALSE	FALSE	TRUE	post_stim_only	chr8:11844496:A>T	chr8:11864375-11864463:-	0.179
NBEAL1	-0.194	-0.179	0.039	FALSE	TRUE	FALSE	TRUE	TRUE	TRUE	detected_after_stim	chr2:203014881:C>T	chr2:203016598-203016735:+	0.179
MLLT10		-0.178		FALSE	TRUE	FALSE	FALSE	TRUE	FALSE	post_stim_only	chr10:21673695:G>A	chr10:21611030-21611141:+	0.178
PSMA4	-0.178		-0.004	TRUE	FALSE	FALSE	TRUE	FALSE	TRUE	other	chr15:78540489:T>C	chr15:78541771-78541904:+	0.178
INPP5F	-0.176	-0.043	-0.049	TRUE	FALSE	FALSE	TRUE	TRUE	TRUE	detected_at_baseline_only	chr10:119791641:G>A	chr10:119750942-119751075:+	0.176
NUP54		0.02	0.176	FALSE	FALSE	TRUE	FALSE	TRUE	TRUE	post_stim_only	chr4:76134289:C>T	chr4:76136187-76136281:-	0.176
SDHA		-0.176	0	FALSE	TRUE	FALSE	TRUE	TRUE	TRUE	detected_after_stim	chr5:228246:T>C	chr5:225418-225562:+	0.176
SMARCB1	0.125	0.137	0.176	FALSE	TRUE	TRUE	TRUE	TRUE	TRUE	detected_after_stim	chr22:23791876:C>A	chr22:23801135-23801298:+	0.176
TXNDC15	-0.176	0.014	0.013	TRUE	FALSE	FALSE	TRUE	TRUE	TRUE	detected_at_baseline_only	chr5:134887902:A>G	chr5:134874483-134874530:+	0.176
FDFT1	-0.175	-0.076	-0.006	TRUE	FALSE	FALSE	TRUE	TRUE	TRUE	detected_at_baseline_only	chr8:11831609:G>C	chr8:11803321-11803500:+	0.175
KPNA2	0.175	0.048	0.025	TRUE	FALSE	FALSE	TRUE	TRUE	TRUE	detected_at_baseline_only	chr17:68035783:T>C	chr17:68045925-68046503:+	0.175
USP4			0.175	FALSE	FALSE	TRUE	FALSE	FALSE	TRUE	post_stim_only	chr3:49278155:G>T	chr3:49311654-49311784:-	0.175
MIA2		0.174	0.371	FALSE	TRUE	FALSE	FALSE	TRUE	TRUE	post_stim_only	chr14:39279492:G>A	chr14:39292679-39292706:+	0.174
ENSG00000290993	0.016	-0.173	-0.035	FALSE	TRUE	FALSE	TRUE	TRUE	TRUE	detected_after_stim	chr3:129399198:T>A	chr3:129396216-129396293:-	0.173
LINC00205	0.132	-0.025	0.173	FALSE	FALSE	TRUE	TRUE	TRUE	TRUE	detected_after_stim	chr21:45290616:G>A	chr21:45293522-45294777:+	0.173
PARK7	-0.073	-0.173	-0.081	FALSE	TRUE	FALSE	TRUE	TRUE	TRUE	detected_after_stim	chr1:7961717:T>C	chr1:7961735-7961747:+	0.173
PDE4DIP		0.172		FALSE	TRUE	FALSE	FALSE	TRUE	FALSE	post_stim_only	chr1:148974517:C>T	chr1:148929196-148929273:+	0.172
RACK1			0.172	FALSE	FALSE	TRUE	FALSE	FALSE	TRUE	post_stim_only	chr5:181236940:G>GT	chr5:181241639-181241880:-	0.172
SPTLC2		-0.044	-0.172	FALSE	FALSE	TRUE	FALSE	TRUE	TRUE	post_stim_only	chr14:77512277:A>C	chr14:77554757-77554965:-	0.172
USP46	-0.055	-0.172	0.1	FALSE	TRUE	FALSE	TRUE	TRUE	TRUE	detected_after_stim	chr4:52626145:G>T	chr4:52656295-52656452:-	0.172
RNPC3	0.018	-0.096	-0.171	FALSE	FALSE	TRUE	TRUE	TRUE	TRUE	detected_after_stim	chr1:103534801:G>A	chr1:103553343-103553605:+	0.171
TGS1		0.171	0.041	FALSE	TRUE	FALSE	FALSE	TRUE	TRUE	post_stim_only	chr8:55786275:G>A	chr8:55810880-55811097:+	0.171
VPS4B	0.035	0.171	0.126	FALSE	TRUE	TRUE	TRUE	TRUE	TRUE	detected_after_stim	chr18:63407453:C>T	chr18:63407375-63407431:-	0.171
ZNF638		-0.17	-0.12	FALSE	TRUE	FALSE	FALSE	TRUE	TRUE	post_stim_only	chr2:71369992:G>A	chr2:71348752-71348838:+	0.17
HNRNPU		-0.168		FALSE	TRUE	FALSE	FALSE	TRUE	FALSE	post_stim_only	chr1:244855997:A>T	chr1:244860334-244860352:-	0.168
MAP1B	-0.026	-0.044	-0.168	FALSE	FALSE	TRUE	TRUE	TRUE	TRUE	detected_after_stim	chr5:72107445:T>C	chr5:72194081-72195181:+	0.168
TM2D2	0.044	-0.119	0.168	FALSE	FALSE	TRUE	TRUE	TRUE	TRUE	detected_after_stim	chr8:38991330:C>T	chr8:38996212-38996418:-	0.168
AFG3L2		-0.089	0.167	FALSE	FALSE	TRUE	FALSE	TRUE	TRUE	post_stim_only	chr18:12348285:T>C	chr18:12356693-12356831:-	0.167
AZIN1	-0.073		0.167	FALSE	FALSE	TRUE	TRUE	FALSE	TRUE	detected_after_stim	chr8:102864096:G>A	chr8:102833055-102833086:-	0.167
GNAI1	-0.167	0.054	-0.047	TRUE	FALSE	FALSE	TRUE	TRUE	TRUE	detected_at_baseline_only	chr7:80212840:T>C	chr7:80135693-80136072:+	0.167
RAD17	0.049	0.167		FALSE	TRUE	FALSE	TRUE	TRUE	TRUE	detected_after_stim	chr5:69374650:G>A	chr5:69372033-69372054:+	0.167
RPL27	0.167			TRUE	FALSE	FALSE	TRUE	FALSE	FALSE	other	chr17:43002951:G>A	chr17:42999185-42999279:+	0.167
SEMA6D		0.167		FALSE	TRUE	FALSE	FALSE	TRUE	FALSE	post_stim_only	chr15:47761031:C>A	chr15:47759722-47759744:+	0.167
TMEM9B	-0.167	0.152	0.019	TRUE	TRUE	FALSE	TRUE	TRUE	TRUE	other	chr11:8947761:T>C	chr11:8964208-8964402:-	0.167
VPS53	0.043	0.167	0.031	FALSE	TRUE	FALSE	TRUE	TRUE	TRUE	detected_after_stim	chr17:714798:G>A	chr17:631549-631628:-	0.167
CYRIB	0.062	-0.166	0.012	FALSE	TRUE	FALSE	TRUE	TRUE	TRUE	detected_after_stim	chr8:129852209:A>G	chr8:129904498-129904585:-	0.166
TBCB	-0.089	-0.145	-0.165	FALSE	TRUE	TRUE	TRUE	TRUE	TRUE	detected_after_stim	chr19:36125941:G>A	chr19:36124249-36124363:+	0.165
CNOT1	-0.119	-0.123	-0.164	TRUE	TRUE	TRUE	TRUE	TRUE	TRUE	all_timepoints	chr16:58599271:C>T	chr16:58599009-58599235:-	0.164
UROS			0.164	FALSE	FALSE	TRUE	FALSE	FALSE	TRUE	post_stim_only	chr10:125823186:C>T	chr10:125796789-125796861:-	0.164
ZRANB2	-0.017	-0.164	0.02	FALSE	TRUE	FALSE	TRUE	TRUE	TRUE	detected_after_stim	chr1:71065079:C>T	chr1:71066934-71067086:-	0.164
LUC7L3	0.127	0.163	0.161	TRUE	TRUE	TRUE	TRUE	TRUE	TRUE	all_timepoints	chr17:50741683:G>A	chr17:50737286-50737360:+	0.163
EPB41L5	-0.162	0.002	0.101	TRUE	FALSE	FALSE	TRUE	TRUE	TRUE	detected_at_baseline_only	chr2:120013201:C>G	chr2:120019264-120020829:+	0.162
FAM241B	-0.162	0.113	0.083	TRUE	FALSE	FALSE	TRUE	TRUE	TRUE	detected_at_baseline_only	chr10:69632800:C>T	chr10:69631479-69631547:+	0.162
PSMC5	-0.028	-0.162	-0.037	FALSE	TRUE	FALSE	TRUE	TRUE	TRUE	detected_after_stim	chr17:63831195:C>T	chr17:63827673-63827683:+	0.162
DDA1	0.161	-0.039	-0.008	TRUE	FALSE	FALSE	TRUE	TRUE	TRUE	detected_at_baseline_only	chr19:17320105:G>A	chr19:17315933-17315995:+	0.161
SPOCK3	-0.157	-0.146	-0.161	TRUE	TRUE	TRUE	TRUE	TRUE	TRUE	all_timepoints	chr4:166734709:C>T	chr4:167062491-167062537:-	0.161
CSNK2B	0.117	0.16	0.131	FALSE	TRUE	TRUE	TRUE	TRUE	TRUE	detected_after_stim	chr6:31667932:T>C	chr6:31668654-31668692:+	0.16
IMMT	0.074	0.148	0.16	FALSE	FALSE	TRUE	TRUE	TRUE	TRUE	detected_after_stim	chr2:86159628:C>T	chr2:86171312-86171345:-	0.16
ITGB1	0	-0.16	0.017	FALSE	TRUE	FALSE	TRUE	TRUE	TRUE	detected_after_stim	chr10:32901356:G>A	chr10:32920397-32921570:-	0.16
TIMP2	-0.138	-0.16		FALSE	TRUE	FALSE	TRUE	TRUE	FALSE	detected_after_stim	chr17:78870904:G>T	chr17:78855963-78856164:-	0.16
CCDC107	-0.087	-0.054	-0.159	FALSE	FALSE	TRUE	TRUE	TRUE	TRUE	detected_after_stim	chr9:35660903:C>T	chr9:35660647-35660745:+	0.159
SEPTIN2	0.016	-0.159	0.126	FALSE	TRUE	FALSE	TRUE	TRUE	TRUE	detected_after_stim	chr2:241315962:G>A	chr2:241336784-241336926:+	0.159
ABHD16A	-0.004	0.013	0.158	FALSE	FALSE	TRUE	TRUE	TRUE	TRUE	detected_after_stim	chr6:31689635:T>C	chr6:31702611-31702984:-	0.158
FCHSD2		0.091	0.158	FALSE	FALSE	TRUE	FALSE	TRUE	TRUE	post_stim_only	chr11:72989025:C>T	chr11:73140061-73140128:-	0.158
MRPL43		0.158		FALSE	TRUE	FALSE	FALSE	TRUE	FALSE	post_stim_only	chr10:100986745:C>T	chr10:100986572-100986587:-	0.158
PSMC2	-0.158			TRUE	FALSE	FALSE	TRUE	FALSE	FALSE	other	chr7:103363348:A>G	chr7:103362088-103362467:+	0.158
MRPL28	-0.093	-0.04	0.157	FALSE	FALSE	TRUE	TRUE	TRUE	TRUE	detected_after_stim	chr16:369091:A>G	chr16:370484-370498:-	0.157
BACH1	-0.024	0.115	0.156	FALSE	FALSE	TRUE	TRUE	TRUE	TRUE	detected_after_stim	chr21:29326248:G>A	chr21:29299313-29299415:+	0.156
DEK		0.008	-0.156	FALSE	FALSE	TRUE	FALSE	TRUE	TRUE	post_stim_only	chr6:18263978:G>A	chr6:18225730-18226173:-	0.156
DYNLL1	-0.156	-0.063	-0.024	TRUE	FALSE	FALSE	TRUE	TRUE	TRUE	detected_at_baseline_only	chr12:120496173:T>C	chr12:120496090-120496100:+	0.156
PPP6R2	0.038	-0.156	-0.044	FALSE	TRUE	FALSE	TRUE	TRUE	TRUE	detected_after_stim	chr22:50372082:G>A	chr22:50388985-50389111:+	0.156
RPS8	0.139	0.148	0.156	TRUE	TRUE	TRUE	TRUE	TRUE	TRUE	all_timepoints	chr1:44778094:C>T	chr1:44775600-44775635:+	0.156
STXBP3			0.156	FALSE	FALSE	TRUE	FALSE	FALSE	TRUE	post_stim_only	chr1:108746730:C>G	chr1:108756766-108757005:+	0.156
YIF1A	-0.06	-0.156	-0.091	FALSE	TRUE	FALSE	TRUE	TRUE	TRUE	detected_after_stim	chr11:66288985:G>A	chr11:66285380-66285460:-	0.156
DNAJB11	-0.03	0.065	-0.155	FALSE	FALSE	TRUE	TRUE	TRUE	TRUE	detected_after_stim	chr3:186570775:A>G	chr3:186577800-186579880:+	0.155
MRPL18	-0.098	-0.155	-0.132	FALSE	TRUE	TRUE	TRUE	TRUE	TRUE	detected_after_stim	chr6:159790603:G>A	chr6:159790466-159790516:+	0.155
ATP5MC1		0.023	0.154	FALSE	FALSE	TRUE	FALSE	TRUE	TRUE	post_stim_only	chr17:48892896:T>C	chr17:48894166-48894348:+	0.154
CCT3	0.185	0.154		FALSE	TRUE	FALSE	TRUE	TRUE	FALSE	detected_after_stim	chr1:156320863:A>T	chr1:156337078-156337240:-	0.154
PAPOLA		-0.04	-0.154	FALSE	FALSE	TRUE	FALSE	TRUE	TRUE	post_stim_only	chr14:96547911:G>A	chr14:96552622-96552983:+	0.154
CPSF6	-0.1	-0.153	-0.08	FALSE	TRUE	FALSE	TRUE	TRUE	TRUE	detected_after_stim	chr12:69253133:G>A	chr12:69255001-69255160:+	0.153
LRPPRC	-0.153	-0.036	0.005	TRUE	FALSE	FALSE	TRUE	TRUE	TRUE	detected_at_baseline_only	chr2:43982337:C>T	chr2:43942803-43942815:-	0.153
ENSG00000291100	0.069	0.152	0.129	FALSE	TRUE	FALSE	TRUE	TRUE	TRUE	detected_after_stim	chr20:28602649:C>A	chr20:28600590-28600719:-	0.152
LARP1B		0.151		FALSE	TRUE	FALSE	FALSE	TRUE	FALSE	post_stim_only	chr4:128074484:G>A	chr4:128107882-128108854:+	0.151
TBCA	0.151	0.12	0.105	TRUE	TRUE	TRUE	TRUE	TRUE	TRUE	all_timepoints	chr5:77776296:G>C	chr5:77691498-77693265:-	0.151
TOX4	-0.076	-0.149	-0.033	FALSE	TRUE	FALSE	TRUE	TRUE	TRUE	detected_after_stim	chr14:21477255:A>G	chr14:21477564-21477592:+	0.149
EIF6	-0.039	0.148	0.025	FALSE	TRUE	FALSE	TRUE	TRUE	TRUE	detected_after_stim	chr20:35278949:G>C	chr20:35280653-35280697:-	0.148
OPTN	0.148	-0.082	-0.008	TRUE	FALSE	FALSE	TRUE	TRUE	TRUE	detected_at_baseline_only	chr10:13100152:T>C	chr10:13108961-13109015:+	0.148
NIPSNAP3A	-0.012	0.147	-0.098	FALSE	TRUE	FALSE	TRUE	TRUE	TRUE	detected_after_stim	chr9:104752932:G>A	chr9:104753064-104753241:+	0.147
ANKRD36	-0.019	-0.146	-0.08	FALSE	TRUE	FALSE	TRUE	TRUE	TRUE	detected_after_stim	chr2:97211702:T>C	chr2:97208103-97209680:+	0.146
APP		-0.051	-0.146	FALSE	FALSE	TRUE	FALSE	TRUE	TRUE	post_stim_only	chr21:25975222:G>A	chr21:26000014-26000182:-	0.146
CARS1	0.027	0.146	-0.017	FALSE	TRUE	FALSE	TRUE	TRUE	TRUE	detected_after_stim	chr11:3006909:G>A	chr11:3040984-3041031:-	0.146
COMMD1	0.024	0.025	0.146	FALSE	FALSE	TRUE	TRUE	TRUE	TRUE	detected_after_stim	chr2:62135859:T>C	chr2:61905673-61905757:+	0.146
MCPH1	-0.024	-0.017	-0.146	FALSE	FALSE	TRUE	TRUE	TRUE	TRUE	detected_after_stim	chr8:6414877:G>T	chr8:6499851-6499929:+	0.146
CEP170	-0.029	-0.088	-0.145	FALSE	FALSE	TRUE	TRUE	TRUE	TRUE	detected_after_stim	chr1:243199086:C>T	chr1:243185778-243186072:-	0.145
HSP90B1	-0.057	0.145		FALSE	TRUE	FALSE	TRUE	TRUE	FALSE	detected_after_stim	chr12:103930403:C>G	chr12:103937708-103937806:+	0.145
RAB3GAP2		-0.145	-0.119	FALSE	TRUE	TRUE	FALSE	TRUE	TRUE	post_stim_only	chr1:220182346:G>A	chr1:220181550-220182256:-	0.145
ATP5MG	-0.137	-0.144	-0.106	TRUE	TRUE	TRUE	TRUE	TRUE	TRUE	all_timepoints	chr11:118401604:T>G	chr11:118407097-118408999:+	0.144
EIF1	-0.144			TRUE	FALSE	FALSE	TRUE	FALSE	FALSE	other	chr17:41690888:C>G	chr17:41689265-41689777:+	0.144
ABHD12	-0.143	-0.062	0.025	TRUE	FALSE	FALSE	TRUE	TRUE	TRUE	detected_at_baseline_only	chr20:25302307:A>G	chr20:25301833-25302034:-	0.143
CIBAR1	-0.211	-0.033	-0.143	FALSE	FALSE	TRUE	TRUE	TRUE	TRUE	detected_after_stim	chr8:93726400:G>A	chr8:93724509-93724595:+	0.143
ELAC2		-0.143	-0.045	FALSE	TRUE	FALSE	TRUE	TRUE	TRUE	detected_after_stim	chr17:12992497:C>T	chr17:13003574-13003786:-	0.143
ENSG00000291207	0.091	-0.052	-0.143	FALSE	FALSE	TRUE	TRUE	TRUE	TRUE	detected_after_stim	chr7:45768832:A>G	chr7:45726861-45727318:-	0.143
LAMTOR4	-0.143	-0.11	-0.104	TRUE	TRUE	TRUE	TRUE	TRUE	TRUE	all_timepoints	chr7:100149506:G>A	chr7:100148993-100149053:+	0.143
RBM34	-0.143		-0.036	TRUE	FALSE	FALSE	TRUE	FALSE	TRUE	other	chr1:235160982:T>C	chr1:235160149-235160194:-	0.143
SLC52A2	0.164	0.143		FALSE	TRUE	FALSE	TRUE	TRUE	FALSE	detected_after_stim	chr8:144361070:A>G	chr8:144359622-144359700:+	0.143
MRPL17	-0.038	-0.021	-0.142	FALSE	FALSE	TRUE	TRUE	TRUE	TRUE	detected_after_stim	chr11:6682102:A>G	chr11:6682815-6683122:-	0.142
TPM1	-0.141			TRUE	FALSE	FALSE	TRUE	FALSE	FALSE	other	chr15:63048505:C>T	chr15:63061273-63061712:+	0.141
YME1L1	-0.141	-0.038	-0.025	TRUE	FALSE	FALSE	TRUE	TRUE	TRUE	detected_at_baseline_only	chr10:27149034:T>C	chr10:27145590-27147497:-	0.141
MLF2	-0.032	0.139	0.005	FALSE	TRUE	FALSE	TRUE	TRUE	TRUE	detected_after_stim	chr12:6753092:G>C	chr12:6748571-6748720:-	0.139
CDKL2	0.029		0.137	FALSE	FALSE	TRUE	TRUE	FALSE	TRUE	detected_after_stim	chr4:75614404:C>T	chr4:75625790-75625820:-	0.137
GAD1		-0.048	-0.137	FALSE	FALSE	TRUE	FALSE	TRUE	TRUE	post_stim_only	chr2:170822114:T>C	chr2:170836883-170837716:+	0.137
MRPS21	0.137		0.085	TRUE	FALSE	FALSE	TRUE	FALSE	TRUE	other	chr1:150308186:T>G	chr1:150293919-150294334:+	0.137
RNF167	0.01	0.098	-0.137	FALSE	FALSE	TRUE	TRUE	TRUE	TRUE	detected_after_stim	chr17:4945154:A>G	chr17:4940486-4940642:+	0.137
KIF2A			-0.136	FALSE	FALSE	TRUE	FALSE	FALSE	TRUE	post_stim_only	chr5:62358207:C>A	chr5:62308308-62308511:+	0.136
STAT2		0.136		FALSE	TRUE	FALSE	FALSE	TRUE	FALSE	post_stim_only	chr12:56355745:C>T	chr12:56348851-56348912:-	0.136
NELFCD	-0.108	0.135	0.034	FALSE	TRUE	FALSE	TRUE	TRUE	TRUE	detected_after_stim	chr20:58994760:G>T	chr20:58989988-58990094:+	0.135
ILVBL	0.047	0.134	-0.009	FALSE	TRUE	FALSE	TRUE	TRUE	TRUE	detected_after_stim	chr19:15116158:G>A	chr19:15124924-15125069:-	0.134
AFF3		-0.133		FALSE	TRUE	FALSE	FALSE	TRUE	FALSE	post_stim_only	chr2:99582980:A>T	chr2:99580600-99580728:-	0.133
HACD3	-0.001	-0.036	0.133	FALSE	FALSE	TRUE	TRUE	TRUE	TRUE	detected_after_stim	chr15:65571578:A>C	chr15:65530417-65530462:+	0.133
HNRNPA2B1	-0.133	-0.049		TRUE	FALSE	FALSE	TRUE	TRUE	FALSE	other	chr7:26196864:C>T	chr7:26197830-26197866:-	0.133
RPAIN	-0.085	-0.133	-0.023	FALSE	TRUE	FALSE	TRUE	TRUE	TRUE	detected_after_stim	chr17:5422824:C>G	chr17:5425970-5426082:+	0.133
LARS1	0.125	-0.132	-0.065	FALSE	TRUE	FALSE	TRUE	TRUE	TRUE	detected_after_stim	chr5:146164408:G>A	chr5:146130867-146130935:-	0.132
PIGF	-0.053	0.132	0.047	FALSE	TRUE	FALSE	TRUE	TRUE	TRUE	detected_after_stim	chr2:46614979:A>G	chr2:46591514-46591802:-	0.132
RPS11	0.132			TRUE	FALSE	FALSE	TRUE	FALSE	FALSE	other	chr19:49497575:T>C	chr19:49497325-49497519:+	0.132
SYT14	-0.171	-0.132	-0.08	FALSE	TRUE	FALSE	TRUE	TRUE	TRUE	detected_after_stim	chr1:210100362:G>A	chr1:210100461-210100546:+	0.132
TM7SF2	-0.132		0.018	TRUE	FALSE	FALSE	TRUE	FALSE	TRUE	other	chr11:65116174:A>C	chr11:65113219-65113368:+	0.132
RPL19	-0.131			TRUE	FALSE	FALSE	TRUE	FALSE	FALSE	other	chr17:39204181:C>A	chr17:39202448-39202988:+	0.131
RPL37A	0.122	0.131	0.121	TRUE	TRUE	TRUE	TRUE	TRUE	TRUE	all_timepoints	chr2:216501462:C>A	chr2:216499831-216499866:+	0.131
IARS1	-0.167	0.008	0.13	FALSE	FALSE	TRUE	TRUE	TRUE	TRUE	detected_after_stim	chr9:92210683:A>G	chr9:92240642-92240691:-	0.13
C1orf43	0.003	0.012	-0.129	FALSE	FALSE	TRUE	TRUE	TRUE	TRUE	detected_after_stim	chr1:154206723:A>T	chr1:154213892-154213946:-	0.129
COPA	0.077	-0.031	0.129	FALSE	FALSE	TRUE	TRUE	TRUE	TRUE	detected_after_stim	chr1:160289880:C>G	chr1:160333602-160333679:-	0.129
DMXL2	-0.111		-0.129	FALSE	FALSE	TRUE	TRUE	FALSE	TRUE	detected_after_stim	chr15:51622464:G>A	chr15:51567042-51568486:-	0.129
KDM5B	0	-0.129	-0.075	FALSE	TRUE	FALSE	TRUE	TRUE	TRUE	detected_after_stim	chr1:202735503:C>T	chr1:202735171-202735428:-	0.129
CDC16	0.128	0.007	0.092	TRUE	FALSE	FALSE	TRUE	TRUE	TRUE	detected_at_baseline_only	chr13:114265238:T>C	chr13:114239309-114239349:+	0.128
GNAS	0.028	-0.024	0.128	FALSE	FALSE	TRUE	TRUE	TRUE	TRUE	detected_after_stim	chr20:58903751:C>T	chr20:58889159-58889170:+	0.128
JMJD1C	-0.011	0.128	-0.042	FALSE	TRUE	FALSE	TRUE	TRUE	TRUE	detected_after_stim	chr10:63380192:T>C	chr10:63465494-63465977:-	0.128
CRMP1	0.127	0	0.025	TRUE	FALSE	FALSE	TRUE	TRUE	TRUE	detected_at_baseline_only	chr4:5821392:A>G	chr4:5825659-5826861:-	0.127
SQLE	-0.035	-0.051	-0.125	FALSE	FALSE	TRUE	TRUE	TRUE	TRUE	detected_after_stim	chr8:125022167:A>G	chr8:124998605-124998646:+	0.125
RPS2	0.124			TRUE	FALSE	FALSE	TRUE	FALSE	FALSE	other	chr16:1964589:C>T	chr16:1962909-1962949:-	0.124
ORC4	0.095	0.123	0.051	FALSE	TRUE	FALSE	TRUE	TRUE	TRUE	detected_after_stim	chr2:147958858:T>C	chr2:147975901-147975975:-	0.123
SESTD1	0.045	-0.123	-0.013	FALSE	TRUE	FALSE	TRUE	TRUE	TRUE	detected_after_stim	chr2:179183180:T>C	chr2:179182526-179183079:-	0.123
SUCLA2	0.005	0.054	0.123	FALSE	FALSE	TRUE	TRUE	TRUE	TRUE	detected_after_stim	chr13:47942709:G>T	chr13:47965577-47965640:-	0.123
ACAA1		0.122	-0.029	FALSE	TRUE	FALSE	FALSE	TRUE	TRUE	post_stim_only	chr3:38125603:A>G	chr3:38126161-38126341:-	0.122
APC		-0.091	0.122	FALSE	FALSE	TRUE	FALSE	TRUE	TRUE	post_stim_only	chr5:112827156:T>C	chr5:112738127-112738352:+	0.122
GABARAPL1		0.062	-0.122	FALSE	FALSE	TRUE	FALSE	TRUE	TRUE	post_stim_only	chr12:10212974:C>G	chr12:10212882-10212892:+	0.122
HSPD1	0.015	0.122	0.107	FALSE	TRUE	TRUE	TRUE	TRUE	TRUE	detected_after_stim	chr2:197499793:G>A	chr2:197494752-197495293:-	0.122
NRCAM	-0.122			TRUE	FALSE	FALSE	TRUE	FALSE	FALSE	other	chr7:108232371:G>A	chr7:108175321-108175357:-	0.122
OTUD6B	-0.107	0.01	0.122	FALSE	FALSE	TRUE	TRUE	TRUE	TRUE	detected_after_stim	chr8:91071195:A>G	chr8:91080730-91081155:+	0.122
POLR2E	0.122	0.032	0.01	TRUE	FALSE	FALSE	TRUE	TRUE	TRUE	detected_at_baseline_only	chr19:1088318:C>T	chr19:1093755-1093903:-	0.122
SRA1	0.062	-0.122	0.004	FALSE	TRUE	FALSE	TRUE	TRUE	TRUE	detected_after_stim	chr5:140552043:C>GTCG	chr5:140551169-140551981:-	0.122
VPS50	0.026	0.025	-0.122	FALSE	FALSE	TRUE	TRUE	TRUE	TRUE	detected_after_stim	chr7:93294602:G>A	chr7:93320375-93320852:+	0.122
JKAMP	0.053	0.121	0.07	FALSE	TRUE	FALSE	TRUE	TRUE	TRUE	detected_after_stim	chr14:59484559:T>C	chr14:59486680-59486712:+	0.121
LSG1	0.024	-0.121	0.079	FALSE	TRUE	FALSE	TRUE	TRUE	TRUE	detected_after_stim	chr3:194666456:C>T	chr3:194660741-194660886:-	0.121
MAEA		-0.075	0.121	FALSE	FALSE	TRUE	FALSE	TRUE	TRUE	post_stim_only	chr4:1336970:T>C	chr4:1309442-1309466:+	0.121
PLEKHA5		0.2	0.121	FALSE	FALSE	TRUE	FALSE	TRUE	TRUE	post_stim_only	chr12:19376133:T>C	chr12:19346971-19346993:+	0.121
ANKRD10	0	0.12	0.054	FALSE	TRUE	FALSE	TRUE	TRUE	TRUE	detected_after_stim	chr13:110915037:T>C	chr13:110892956-110893027:-	0.12
MORF4L1	-0.025	-0.052	0.12	FALSE	FALSE	TRUE	TRUE	TRUE	TRUE	detected_after_stim	chr15:78893555:C>A	chr15:78872894-78872953:+	0.12
SCAMP1	0.055	-0.041	0.12	FALSE	FALSE	TRUE	TRUE	TRUE	TRUE	detected_after_stim	chr5:78360577:G>C	chr5:78389171-78389613:+	0.12
ACAT2	0.048	-0.051	0.119	FALSE	FALSE	TRUE	TRUE	TRUE	TRUE	detected_after_stim	chr6:159777326:C>T	chr6:159775313-159776149:+	0.119
AKAP9	-0.119	-0.006	-0.05	TRUE	FALSE	FALSE	TRUE	TRUE	TRUE	detected_at_baseline_only	chr7:92062286:C>T	chr7:92092673-92092928:+	0.119
GTF3A	-0.065	-0.119	-0.085	FALSE	TRUE	FALSE	TRUE	TRUE	TRUE	detected_after_stim	chr13:27424631:T>C	chr13:27432745-27432804:+	0.119
PLD3	0.023	-0.051	-0.119	FALSE	FALSE	TRUE	TRUE	TRUE	TRUE	detected_after_stim	chr19:40365893:T>A	chr19:40365661-40365717:+	0.119
TDG	0.119	0.01	-0.015	TRUE	FALSE	FALSE	TRUE	TRUE	TRUE	detected_at_baseline_only	chr12:103965868:G>A	chr12:103967853-103967971:+	0.119
AKAP12	0.118	0.091	0.018	TRUE	FALSE	FALSE	TRUE	TRUE	TRUE	detected_at_baseline_only	chr6:151305898:A>G	chr6:151305903-151306016:+	0.118
CAMK2B	0.118	0.005	0.015	TRUE	FALSE	FALSE	TRUE	TRUE	TRUE	detected_at_baseline_only	chr7:44220271:C>T	chr7:44228924-44229387:-	0.118
TRIM2	-0.034	-0.118	0.008	FALSE	TRUE	FALSE	TRUE	TRUE	TRUE	detected_after_stim	chr4:153257544:A>G	chr4:153295993-153296036:+	0.118
COPB1	-0.117		-0.021	TRUE	FALSE	FALSE	TRUE	FALSE	TRUE	other	chr11:14499807:C>A	chr11:14499608-14499666:-	0.117
ECI2		0.114		FALSE	TRUE	FALSE	FALSE	TRUE	FALSE	post_stim_only	chr6:4130392:C>T	chr6:4130178-4130249:-	0.114
LSM1	-0.053	-0.046	0.114	FALSE	FALSE	TRUE	TRUE	TRUE	TRUE	detected_after_stim	chr8:38176470:G>C	chr8:38169801-38169917:-	0.114
PHIP	0.047	0.114	0.102	FALSE	TRUE	FALSE	TRUE	TRUE	TRUE	detected_after_stim	chr6:78983033:G>A	chr6:79052042-79052060:-	0.114
TOP2B	0.114	0.033	-0.032	TRUE	FALSE	FALSE	TRUE	TRUE	TRUE	detected_at_baseline_only	chr3:25638246:T>C	chr3:25624803-25625911:-	0.114
RPL3	0	-0.002	0.113	FALSE	FALSE	TRUE	TRUE	TRUE	TRUE	detected_after_stim	chr22:39318484:C>T	chr22:39319625-39319649:-	0.113
APMAP	0.112	-0.025	0.008	TRUE	FALSE	FALSE	TRUE	TRUE	TRUE	detected_at_baseline_only	chr20:24992610:C>A	chr20:24964374-24964398:-	0.112
FAAP20	0	-0.034	-0.112	FALSE	FALSE	TRUE	TRUE	TRUE	TRUE	detected_after_stim	chr1:2189678:C>T	chr1:2189781-2191900:-	0.112
NASP	0	0.112	-0.023	FALSE	TRUE	FALSE	TRUE	TRUE	TRUE	detected_after_stim	chr1:45613181:A>G	chr1:45584064-45584107:+	0.112
CADM4	0.111	-0.034	0.032	TRUE	FALSE	FALSE	TRUE	TRUE	TRUE	detected_at_baseline_only	chr19:43622585:G>A	chr19:43622611-43623439:-	0.111
ERP29	-0.045	0.111	-0.01	FALSE	TRUE	FALSE	TRUE	TRUE	TRUE	detected_after_stim	chr12:112022944:A>G	chr12:112019755-112019836:+	0.111
RPL7L1	-0.1	0.069	-0.111	FALSE	FALSE	TRUE	TRUE	TRUE	TRUE	detected_after_stim	chr6:42886862:G>A	chr6:42880860-42880966:+	0.111
RTF2	-0.07	-0.111	-0.027	FALSE	TRUE	FALSE	TRUE	TRUE	TRUE	detected_after_stim	chr20:56518844:A>G	chr20:56516934-56516989:+	0.111
CMC2	-0.119	-0.11	-0.109	FALSE	TRUE	FALSE	TRUE	TRUE	TRUE	detected_after_stim	chr16:80976175:C>T	chr16:80981805-80981877:-	0.11
ETNK1	0.006	-0.11	-0.059	FALSE	TRUE	FALSE	TRUE	TRUE	TRUE	detected_after_stim	chr12:22661101:A>G	chr12:22656431-22656745:+	0.11
PSMD1	0.11	-0.016	0.015	TRUE	FALSE	FALSE	TRUE	TRUE	TRUE	detected_at_baseline_only	chr2:231066964:G>A	chr2:231152716-231152811:+	0.11
BNIP3L	-0.109			TRUE	FALSE	FALSE	TRUE	FALSE	FALSE	other	chr8:26408094:T>C	chr8:26408376-26408891:+	0.109
MEG3	0.109			TRUE	FALSE	FALSE	TRUE	FALSE	FALSE	other	chr14:100861020:C>A	chr14:100855890-100856268:+	0.109
APEX1	0.01	0.107	-0.055	FALSE	TRUE	FALSE	TRUE	TRUE	TRUE	detected_after_stim	chr14:20456994:T>G	chr14:20455328-20455338:+	0.107
DDHD2	0.069	0.107	0.082	FALSE	TRUE	FALSE	TRUE	TRUE	TRUE	detected_after_stim	chr8:38237578:G>A	chr8:38231914-38231952:+	0.107
GFM1	0.013	-0.107	0.062	FALSE	TRUE	FALSE	TRUE	TRUE	TRUE	detected_after_stim	chr3:158644651:T>C	chr3:158650004-158650061:+	0.107
SNHG8	0.018	0.107	0.036	FALSE	TRUE	FALSE	TRUE	TRUE	TRUE	detected_after_stim	chr4:118279118:C>T	chr4:118278877-118278933:+	0.107
VIM	0.107		0.052	TRUE	FALSE	FALSE	TRUE	FALSE	TRUE	other	chr10:17237562:G>T	chr10:17230003-17230608:+	0.107
XPO1	-0.108	0.107	-0.036	FALSE	TRUE	FALSE	TRUE	TRUE	TRUE	detected_after_stim	chr2:61537938:G>A	chr2:61525269-61525333:-	0.107
IFT22		0.106	0	FALSE	TRUE	FALSE	TRUE	TRUE	TRUE	detected_after_stim	chr7:101314988:T>C	chr7:101318123-101318213:-	0.106
TBC1D32	-0.004	-0.106	-0.011	FALSE	TRUE	FALSE	TRUE	TRUE	TRUE	detected_after_stim	chr6:121317569:C>T	chr6:121317672-121317690:-	0.106
TEX264	0.106	-0.031	0.017	TRUE	FALSE	FALSE	TRUE	TRUE	TRUE	detected_at_baseline_only	chr3:51704239:A>G	chr3:51684412-51684467:+	0.106
CHMP2B	-0.108	0.033	0.105	FALSE	FALSE	TRUE	TRUE	TRUE	TRUE	detected_after_stim	chr3:87227548:C>T	chr3:87245818-87245908:+	0.105
SRSF3	0.105	0.052	0.025	TRUE	FALSE	FALSE	TRUE	TRUE	TRUE	detected_at_baseline_only	chr6:36602588:T>C	chr6:36602471-36602564:+	0.105
ATP5MJ	0.083	0.103	0.051	FALSE	TRUE	FALSE	TRUE	TRUE	TRUE	detected_after_stim	chr14:103915164:T>C	chr14:103914478-103914633:-	0.103
EIF3G	0.073		0.103	FALSE	FALSE	TRUE	TRUE	FALSE	TRUE	detected_after_stim	chr19:10118870:G>T	chr19:10118075-10118369:-	0.103
MACROH2A1	-0.103	0.023	-0.023	TRUE	FALSE	FALSE	TRUE	TRUE	TRUE	detected_at_baseline_only	chr5:135388931:T>C	chr5:135369405-135369480:-	0.103
RFC1		0.103		FALSE	TRUE	FALSE	FALSE	TRUE	FALSE	post_stim_only	chr4:39327665:A>G	chr4:39323202-39323339:-	0.103
SNX6	0	-0.159	-0.103	FALSE	FALSE	TRUE	TRUE	TRUE	TRUE	detected_after_stim	chr14:34597624:A>T	chr14:34629954-34630109:-	0.103
DDX1	-0.102	-0.004	0.01	TRUE	FALSE	FALSE	TRUE	TRUE	TRUE	detected_at_baseline_only	chr2:15591873:A>G	chr2:15623435-15623468:+	0.102
EIF3F	0.029	0.102	-0.013	FALSE	TRUE	FALSE	TRUE	TRUE	TRUE	detected_after_stim	chr11:7992931:C>T	chr11:7994517-7994981:+	0.102
ELAVL2	-0.019	-0.102	0.044	FALSE	TRUE	FALSE	TRUE	TRUE	TRUE	detected_after_stim	chr9:23762177:G>A	chr9:23821226-23821275:-	0.102
IFT57	-0.025	0.102	0.061	FALSE	TRUE	FALSE	TRUE	TRUE	TRUE	detected_after_stim	chr3:108218560:C>T	chr3:108219409-108219544:-	0.102
CNIH1	-0.101	-0.079	-0.07	TRUE	FALSE	FALSE	TRUE	TRUE	TRUE	detected_at_baseline_only	chr14:54427577:T>C	chr14:54436078-54436126:-	0.101
SRRM2		0.101		FALSE	TRUE	FALSE	FALSE	TRUE	FALSE	post_stim_only	chr16:2758517:G>A	chr16:2756478-2756606:+	0.101
HIKESHI	-0.1	0.003		TRUE	FALSE	FALSE	TRUE	TRUE	FALSE	other	chr11:86302337:G>A	chr11:86306244-86306482:+	0.1
HYOU1	0	-0.1	0.011	FALSE	TRUE	FALSE	TRUE	TRUE	TRUE	detected_after_stim	chr11:119055530:C>T	chr11:119056278-119056405:-	0.1
MRPL39		0.043	0.1	FALSE	FALSE	TRUE	FALSE	TRUE	TRUE	post_stim_only	chr21:25592892:T>C	chr21:25587700-25587789:-	0.1
NUCB1	-0.087	0.034	0.1	FALSE	FALSE	TRUE	TRUE	TRUE	TRUE	detected_after_stim	chr19:48923230:T>C	chr19:48918999-48919029:+	0.1
TFG	-0.1	0	0.002	TRUE	FALSE	FALSE	TRUE	TRUE	TRUE	detected_at_baseline_only	chr3:100748173:T>C	chr3:100747360-100747413:+	0.1
